Player ID + Player Name,Id,Position,First Name,Nickname,Last Name,FPPG,Played,Salary,Game,Team,Opponent,Injury Indicator,Injury Details,Tier,,,Roster Position
58847-9642:Russell Westbrook,58847-9642,PG,Russell,Russell Westbrook,Westbrook,53.78730314,63,12500,CLE@WAS,WAS,CLE,,,,,,PG
58847-55062:Nikola Jokic,58847-55062,C,Nikola,Nikola Jokic,Jokic,54.62394435,71,10600,DEN@DET,DEN,DET,,,,,,C
58847-15595:Bradley Beal,58847-15595,SG,Bradley,Bradley Beal,Beal,44.98833415,60,10200,CLE@WAS,WAS,CLE,O,Hamstring,,,,SG
58847-84669:Luka Doncic,58847-84669,PG,Luka,Luka Doncic,Doncic,50.25846229,65,10100,TOR@DAL,DAL,TOR,,,,,,PG
58847-9524:Stephen Curry,58847-9524,PG,Stephen,Stephen Curry,Curry,47.49841115,63,10100,NO@GS,GS,NO,GTD,Lower body,,,,PG
58847-110310:Zion Williamson,58847-110310,PF,Zion,Zion Williamson,Williamson,42.69999842,62,10000,NO@GS,NO,GS,O,Finger,,,,PF
58847-80810:De'Aaron Fox,58847-80810,PG,De'Aaron,De'Aaron Fox,Fox,43.07069134,58,9800,SAC@MEM,SAC,MEM,GTD,Covid-19,,,,PG
58847-49111:Joel Embiid,58847-49111,C,Joel,Joel Embiid,Embiid,49.64200195,50,9600,ORL@PHI,PHI,ORL,,,,,,C
58847-24247:Fred VanVleet,58847-24247,SG,Fred,Fred VanVleet,VanVleet,39.46153846,52,9100,TOR@DAL,TOR,DAL,GTD,Rest,,,,SG
58847-66113:Donovan Mitchell,58847-66113,SG,Donovan,Donovan Mitchell,Mitchell,40.37592683,54,8800,UTA@OKC,UTA,OKC,O,Ankle,,,,SG
58847-9535:Kyle Lowry,58847-9535,PG,Kyle,Kyle Lowry,Lowry,35.76956575,46,8700,TOR@DAL,TOR,DAL,GTD,Rest,,,,PG
58847-60021:Pascal Siakam,58847-60021,PF,Pascal,Pascal Siakam,Siakam,39.82142857,56,8600,TOR@DAL,TOR,DAL,GTD,Shoulder,,,,PF
58847-14503:Jonas Valanciunas,58847-14503,C,Jonas,Jonas Valanciunas,Valanciunas,37.40163934,61,8400,SAC@MEM,MEM,SAC,,,,,,C
58847-22541:Kelly Olynyk,58847-22541,C,Kelly,Kelly Olynyk,Olynyk,29.21764778,68,8300,LAC@HOU,HOU,LAC,,,,,,C
58847-40830:Delon Wright,58847-40830,PG,Delon,Delon Wright,Wright,27.22458936,61,8300,SAC@MEM,SAC,MEM,,,,,,PG
58847-42202:Christian Wood,58847-42202,PF,Christian,Christian Wood,Wood,39.18292683,41,8100,LAC@HOU,HOU,LAC,O,Ankle,,,,PF
58847-14513:Kawhi Leonard,58847-14513,SF,Kawhi,Kawhi Leonard,Leonard,43.9943387,53,8000,LAC@HOU,LAC,HOU,GTD,Rest,,,,SF
58847-15860:Draymond Green,58847-15860,PF,Draymond,Draymond Green,Green,33.2016129,62,7900,NO@GS,GS,NO,GTD,Finger,,,,PF
58847-84667:Collin Sexton,58847-84667,SG,Collin,Collin Sexton,Sexton,35.71206981,58,7800,CLE@WAS,CLE,WAS,,,,,,SG
58847-9575:Mike Conley,58847-9575,PG,Mike,Mike Conley,Conley,31.72600098,50,7800,UTA@OKC,UTA,OKC,GTD,Hamstring,,,,PG
58847-40203:Rudy Gobert,58847-40203,C,Rudy,Rudy Gobert,Gobert,40.0800014,70,7700,UTA@OKC,UTA,OKC,,,,,,C
58847-20640:Jordan Clarkson,58847-20640,PG,Jordan,Jordan Clarkson,Clarkson,28.17878862,66,7600,UTA@OKC,UTA,OKC,,,,,,PG
58847-84682:Michael Porter,58847-84682,SF,Michael,Michael Porter,Porter,33.41864324,59,7600,DEN@DET,DEN,DET,,,,,,SF
58847-110344:Ja Morant,58847-110344,PG,Ja,Ja Morant,Morant,35.14193627,62,7600,SAC@MEM,MEM,SAC,,,,,,PG
58847-12341:Paul George,58847-12341,SG,Paul,Paul George,George,40.23999911,55,7500,LAC@HOU,LAC,HOU,GTD,Rest,,,,SG
58847-66115:Ben Simmons,58847-66115,PG,Ben,Ben Simmons,Simmons,36.92280873,57,7500,ORL@PHI,PHI,ORL,,,,,,PG
58847-145533:Kenyon Martin,58847-145533,PF,Kenyon,Kenyon Martin,Martin,21.04418661,43,7500,LAC@HOU,HOU,LAC,,,,,,PF
58847-80806:Lonzo Ball,58847-80806,PG,Lonzo,Lonzo Ball,Ball,32.8654541,55,7500,NO@GS,NO,GS,O,Thumb,,,,PG
58847-49116:Andrew Wiggins,58847-49116,SG,Andrew,Andrew Wiggins,Wiggins,31.92714146,70,7500,NO@GS,GS,NO,GTD,Knee,,,,SG
58847-84675:Mo Bamba,58847-84675,C,Mo,Mo Bamba,Bamba,19.93863609,44,7400,ORL@PHI,ORL,PHI,GTD,Illness,,,,C
58847-68090:OG Anunoby,58847-68090,SF,OG,OG Anunoby,Anunoby,30.82325638,43,7400,TOR@DAL,TOR,DAL,GTD,Calf,,,,SF
58847-84680:Shai Gilgeous-Alexander,58847-84680,SG,Shai,Shai Gilgeous-Alexander,Gilgeous-Alexander,39.53428432,35,7200,UTA@OKC,OKC,UTA,O,Foot,,,,SG
58847-66048:Brandon Ingram,58847-66048,SF,Brandon,Brandon Ingram,Ingram,38.24262375,61,7000,NO@GS,NO,GS,GTD,Ankle,,,,SF
58847-23665:Buddy Hield,58847-23665,SG,Buddy,Buddy Hield,Hield,29.78985507,69,7000,SAC@MEM,SAC,MEM,,,,,,SG
58847-110342:Darius Garland,58847-110342,PG,Darius,Darius Garland,Garland,30.81698205,53,7000,CLE@WAS,CLE,WAS,GTD,Ankle,,,,PG
58847-14518:Tobias Harris,58847-14518,PF,Tobias,Tobias Harris,Harris,36.44098201,61,6900,ORL@PHI,PHI,ORL,,,,,,PF
58847-116340:Terence Davis,58847-116340,SG,Terence,Terence Davis,Davis,15.29491567,59,6800,SAC@MEM,SAC,MEM,,,,,,SG
58847-63122:Kristaps Porzingis,58847-63122,PF,Kristaps,Kristaps Porzingis,Porzingis,37.65609816,41,6800,TOR@DAL,DAL,TOR,,,,,,PF
58847-145337:Tyrese Haliburton,58847-145337,SG,Tyrese,Tyrese Haliburton,Haliburton,28.39827544,58,6700,SAC@MEM,SAC,MEM,O,Knee,,,,SG
58847-84699:Hamidou Diallo,58847-84699,SG,Hamidou,Hamidou Diallo,Diallo,22.7,50,6600,DEN@DET,DET,DEN,GTD,Covid-19,,,,SG
58847-9874:Kevin Love,58847-9874,PF,Kevin,Kevin Love,Love,25.54800049,25,6500,CLE@WAS,CLE,WAS,,,,,,PF
58847-15590:Mason Plumlee,58847-15590,C,Mason,Mason Plumlee,Plumlee,30.01428659,56,6500,DEN@DET,DET,DEN,O,Rest,,,,C
58847-15946:Harrison Barnes,58847-15946,SF,Harrison,Harrison Barnes,Barnes,30.43965517,58,6400,SAC@MEM,SAC,MEM,GTD,Groin,,,,SF
58847-68203:Chris Boucher,58847-68203,C,Chris,Chris Boucher,Boucher,29.82166748,60,6400,TOR@DAL,TOR,DAL,,,,,,C
58847-40562:Josh Hart,58847-40562,SG,Josh,Josh Hart,Hart,24.48723456,47,6400,NO@GS,NO,GS,O,Thumb,,,,SG
58847-15846:Tim Hardaway,58847-15846,SG,Tim,Tim Hardaway,Hardaway,24.19999964,68,6300,TOR@DAL,DAL,TOR,,,,,,SG
58847-14530:Bojan Bogdanovic,58847-14530,SF,Bojan,Bojan Bogdanovic,Bogdanovic,24.67285679,70,6200,UTA@OKC,UTA,OKC,,,,,,SF
58847-84679:Marvin Bagley,58847-84679,PF,Marvin,Marvin Bagley,Bagley,26.07209246,43,6200,SAC@MEM,SAC,MEM,GTD,Groin,,,,PF
58847-110356:Nickeil Alexander-Walker,58847-110356,SG,Nickeil,Nickeil Alexander-Walker,Alexander-Walker,20.32954545,44,6200,NO@GS,NO,GS,,,,,,SG
58847-58153:Kelly Oubre,58847-58153,SF,Kelly,Kelly Oubre,Oubre,28.73272816,55,6200,NO@GS,GS,NO,O,Wrist,,,,SF
58847-80821:Jarrett Allen,58847-80821,C,Jarrett,Jarrett Allen,Allen,31.470491,61,6200,CLE@WAS,CLE,WAS,,,,,,C
58847-84683:Jaren Jackson,58847-84683,PF,Jaren,Jaren Jackson,Jackson,28.7,10,6100,SAC@MEM,MEM,SAC,,,,,,PF
58847-145307:Isaiah Stewart,58847-145307,PF,Isaiah,Isaiah Stewart,Stewart,21.72205846,68,6100,DEN@DET,DET,DEN,O,Personal,,,,PF
58847-23716:Kyle Anderson,58847-23716,SF,Kyle,Kyle Anderson,Anderson,29.57646987,68,6000,SAC@MEM,MEM,SAC,,,,,,SF
58847-60233:Dillon Brooks,58847-60233,SG,Dillon,Dillon Brooks,Brooks,27.05000074,66,6000,SAC@MEM,MEM,SAC,,,,,,SG
58847-23447:Richaun Holmes,58847-23447,C,Richaun,Richaun Holmes,Holmes,32.00491883,61,6000,SAC@MEM,SAC,MEM,GTD,Knee,,,,C
58847-110637:Darius Bazley,58847-110637,PF,Darius,Darius Bazley,Bazley,26.07222267,54,5900,UTA@OKC,OKC,UTA,,,,,,PF
58847-63126:Cedi Osman,58847-63126,SF,Cedi,Cedi Osman,Osman,20.7210522,57,5900,CLE@WAS,CLE,WAS,GTD,Ankle,,,,SF
58847-16081:Khem Birch,58847-16081,C,Khem,Khem Birch,Birch,19.43692345,65,5900,TOR@DAL,TOR,DAL,,,,,,C
58847-23831:Jerami Grant,58847-23831,PF,Jerami,Jerami Grant,Grant,35.23703794,54,5900,DEN@DET,DET,DEN,O,Knee,,,,PF
58847-145328:Saddiq Bey,58847-145328,SF,Saddiq,Saddiq Bey,Bey,21.40882425,68,5900,DEN@DET,DET,DEN,,,,,,SF
58847-63127:Willy Hernangomez,58847-63127,C,Willy,Willy Hernangomez,Hernangomez,19.54222276,45,5800,NO@GS,NO,GS,,,,,,C
58847-70827:Ivica Zubac,58847-70827,C,Ivica,Ivica Zubac,Zubac,22.57571498,70,5800,LAC@HOU,LAC,HOU,,,,,,C
58847-84723:Khyri Thomas,58847-84723,SG,Khyri,Khyri Thomas,Thomas,36.25,4,5800,LAC@HOU,HOU,LAC,,,,,,SG
58847-59318:Joe Ingles,58847-59318,SG,Joe,Joe Ingles,Ingles,24.53230732,65,5800,UTA@OKC,UTA,OKC,,,,,,SG
58847-145341:Isaac Okoro,58847-145341,SG,Isaac,Isaac Okoro,Okoro,18.5830773,65,5800,CLE@WAS,CLE,WAS,,,,,,SG
58847-110340:Jaxson Hayes,58847-110340,PF,Jaxson,Jaxson Hayes,Hayes,15.61034525,58,5700,NO@GS,NO,GS,,,,,,PF
58847-110345:Kevin Porter,58847-110345,SF,Kevin,Kevin Porter,Porter,30.22307645,26,5700,LAC@HOU,HOU,LAC,O,Ankle,,,,SF
58847-145331:Tyrese Maxey,58847-145331,SG,Tyrese,Tyrese Maxey,Maxey,13.34576313,59,5700,ORL@PHI,PHI,ORL,,,,,,SG
58847-12355:Eric Bledsoe,58847-12355,SG,Eric,Eric Bledsoe,Bledsoe,23.7652181,69,5600,NO@GS,NO,GS,,,,,,SG
58847-145547:Facundo Campazzo,58847-145547,PG,Facundo,Facundo Campazzo,Campazzo,17.19375038,64,5600,DEN@DET,DEN,DET,,,,,,PG
58847-110336:Chuma Okeke,58847-110336,PF,Chuma,Chuma Okeke,Okeke,19.77111138,45,5600,ORL@PHI,ORL,PHI,O,Ankle,,,,PF
58847-16196:Dwight Powell,58847-16196,C,Dwight,Dwight Powell,Powell,14.79642814,56,5600,TOR@DAL,DAL,TOR,,,,,,C
58847-145344:Malachi Flynn,58847-145344,PG,Malachi,Malachi Flynn,Flynn,15.48222249,45,5600,TOR@DAL,TOR,DAL,,,,,,PG
58847-117291:Armoni Brooks,58847-117291,SG,Armoni,Armoni Brooks,Brooks,18.20555623,18,5500,LAC@HOU,HOU,LAC,,,,,,SG
58847-145541:R.J. Hampton,58847-145541,PG,R.J.,R.J. Hampton,Hampton,14.07199951,50,5500,ORL@PHI,ORL,PHI,,,,,,PG
58847-145576:Jae'Sean Tate,58847-145576,PF,Jae'Sean,Jae'Sean Tate,Tate,25.46470552,68,5500,LAC@HOU,HOU,LAC,,,,,,PF
58847-14529:Cory Joseph,58847-14529,PG,Cory,Cory Joseph,Joseph,18.62903226,62,5500,DEN@DET,DET,DEN,O,Ankle,,,,PG
58847-84676:Wendell Carter,58847-84676,C,Wendell,Wendell Carter,Carter,26.93396226,53,5500,ORL@PHI,ORL,PHI,,,,,,C
58847-110349:Rui Hachimura,58847-110349,SF,Rui,Rui Hachimura,Hachimura,24.12909047,55,5500,CLE@WAS,WAS,CLE,,,,,,SF
58847-117779:Juan Toscano-Anderson,58847-117779,PF,Juan,Juan Toscano-Anderson,Toscano-Anderson,17.57647107,51,5400,NO@GS,GS,NO,,,,,,PF
58847-66061:Dwayne Bacon,58847-66061,SG,Dwayne,Dwayne Bacon,Bacon,18.13285784,70,5300,ORL@PHI,ORL,PHI,,,,,,SG
58847-117286:Moses Brown,58847-117286,C,Moses,Moses Brown,Brown,23.09512255,41,5200,UTA@OKC,OKC,UTA,,,,,,C
58847-145489:Killian Hayes,58847-145489,PG,Killian,Killian Hayes,Hayes,18.94583384,24,5200,DEN@DET,DET,DEN,,,,,,PG
58847-84714:Moritz Wagner,58847-84714,PF,Moritz,Moritz Wagner,Wagner,14.28604623,43,5200,ORL@PHI,ORL,PHI,,,,,,PF
58847-15583:Seth Curry,58847-15583,SG,Seth,Seth Curry,Curry,20.87678528,56,5100,ORL@PHI,PHI,ORL,,,,,,SG
58847-110353:Brandon Clarke,58847-110353,PF,Brandon,Brandon Clarke,Clarke,24.82586249,58,5100,SAC@MEM,MEM,SAC,,,,,,PF
58847-16178:Maurice Harkless,58847-16178,SF,Maurice,Maurice Harkless,Harkless,13.71111128,36,5100,SAC@MEM,SAC,MEM,,,,,,SF
58847-110322:Jordan Poole,58847-110322,PG,Jordan,Jordan Poole,Poole,17.32653061,49,5000,NO@GS,GS,NO,,,,,,PG
58847-110331:Ty Jerome,58847-110331,SG,Ty,Ty Jerome,Jerome,20.40000037,33,5000,UTA@OKC,OKC,UTA,GTD,Calf,,,,SG
58847-15814:Alex Len,58847-15814,C,Alex,Alex Len,Len,15.94032238,62,5000,CLE@WAS,WAS,CLE,,,,,,C
58847-84695:Gary Trent,58847-84695,SG,Gary,Gary Trent,Trent,23.19655215,58,4900,TOR@DAL,TOR,DAL,,,,,,SG
58847-110883:Dean Wade,58847-110883,PF,Dean,Dean Wade,Wade,13.51803239,61,4900,CLE@WAS,CLE,WAS,,,,,,PF
58847-19781:Kent Bazemore,58847-19781,SF,Kent,Kent Bazemore,Bazemore,17.03538537,65,4900,NO@GS,GS,NO,,,,,,SF
58847-145819:Naji Marshall,58847-145819,SF,Naji,Naji Marshall,Marshall,18.52666626,30,4900,NO@GS,NO,GS,,,,,,SF
58847-9660:Dwight Howard,58847-9660,C,Dwight,Dwight Howard,Howard,20.81029376,68,4900,ORL@PHI,PHI,ORL,,,,,,C
58847-145536:Theo Maledon,58847-145536,PG,Theo,Theo Maledon,Maledon,20.23174564,63,4800,UTA@OKC,OKC,UTA,,,,,,PG
58847-84690:Jalen Brunson,58847-84690,SG,Jalen,Jalen Brunson,Brunson,22.24545381,66,4800,TOR@DAL,DAL,TOR,,,,,,SG
58847-15592:Austin Rivers,58847-15592,PG,Austin,Austin Rivers,Rivers,15.82646987,34,4800,DEN@DET,DEN,DET,,,,,,PG
58847-84713:Svi Mykhailiuk,58847-84713,PG,Svi,Svi Mykhailiuk,Mykhailiuk,15.31384653,65,4800,UTA@OKC,OKC,UTA,,,,,,PG
58847-9966:James Johnson,58847-9966,PF,James,James Johnson,Johnson,18.32653061,49,4800,NO@GS,NO,GS,,,,,,PF
58847-110325:Daniel Gafford,58847-110325,PF,Daniel,Daniel Gafford,Gafford,17.744231,52,4800,CLE@WAS,WAS,CLE,,,,,,PF
58847-16233:Josh Richardson,58847-16233,SF,Josh,Josh Richardson,Richardson,23.13684296,57,4800,TOR@DAL,DAL,TOR,,,,,,SF
58847-145327:Cole Anthony,58847-145327,PG,Cole,Cole Anthony,Anthony,25.11333279,45,4800,ORL@PHI,ORL,PHI,,,,,,PG
58847-17333:Will Barton,58847-17333,SG,Will,Will Barton,Barton,24.5839277,56,4800,DEN@DET,DEN,DET,GTD,Hamstring,,,,SG
58847-110639:Sekou Doumbouya,58847-110639,PF,Sekou,Sekou Doumbouya,Doumbouya,10.39464242,56,4700,DEN@DET,DET,DEN,,,,,,PF
58847-111273:Luguentz Dort,58847-111273,SF,Luguentz,Luguentz Dort,Dort,23.09230863,52,4700,UTA@OKC,OKC,UTA,O,Knee,,,,SF
58847-40208:Raul Neto,58847-40208,PG,Raul,Raul Neto,Neto,17.92499924,64,4600,CLE@WAS,WAS,CLE,,,,,,PG
58847-16201:Michael Carter-Williams,58847-16201,PG,Michael,Michael Carter-Williams,Carter-Williams,22.29999961,31,4600,ORL@PHI,ORL,PHI,O,Ankle,,,,PG
58847-58295:D.J. Wilson,58847-58295,PF,D.J.,D.J. Wilson,Wilson,11.73999983,35,4600,LAC@HOU,HOU,LAC,O,Covid-19,,,,PF
58847-24544:Gary Harris,58847-24544,SG,Gary,Gary Harris,Harris,17.87297264,37,4600,ORL@PHI,ORL,PHI,,,,,,SG
58847-84691:Shake Milton,58847-84691,PG,Shake,Shake Milton,Milton,21.09344182,61,4500,ORL@PHI,PHI,ORL,,,,,,PG
58847-110315:Terance Mann,58847-110315,SG,Terance,Terance Mann,Mann,14.87121212,66,4500,LAC@HOU,LAC,HOU,,,,,,SG
58847-9703:George Hill,58847-9703,PG,George,George Hill,Hill,16.75,28,4500,ORL@PHI,PHI,ORL,,,,,,PG
58847-14543:Davis Bertans,58847-14543,PF,Davis,Davis Bertans,Bertans,18.20545432,55,4400,CLE@WAS,WAS,CLE,,,,,,PF
58847-85305:Kenrich Williams,58847-85305,SF,Kenrich,Kenrich Williams,Williams,18.50909054,66,4400,UTA@OKC,OKC,UTA,,,,,,SF
58847-80809:Josh Jackson,58847-80809,SG,Josh,Josh Jackson,Jackson,23.89499919,60,4400,DEN@DET,DET,DEN,,,,,,SG
58847-9809:Nicolas Batum,58847-9809,SF,Nicolas,Nicolas Batum,Batum,21.18636438,66,4300,LAC@HOU,LAC,HOU,,,,,,SF
58847-14512:Marcus Morris,58847-14512,PF,Marcus,Marcus Morris,Morris,21.6464277,56,4300,LAC@HOU,LAC,HOU,,,,,,PF
58847-145343:Jalen Harris,58847-145343,PG,Jalen,Jalen Harris,Harris,9.391666412,12,4300,TOR@DAL,TOR,DAL,,,,,,PG
58847-16376:Dorian Finney-Smith,58847-16376,SF,Dorian,Dorian Finney-Smith,Finney-Smith,21.98793188,58,4300,TOR@DAL,DAL,TOR,,,,,,SF
58847-9758:Danny Green,58847-9758,SF,Danny,Danny Green,Green,22.12647023,68,4200,ORL@PHI,PHI,ORL,,,,,,SF
58847-117307:DaQuan Jeffries,58847-117307,SF,DaQuan,DaQuan Jeffries,Jeffries,9.877419749,31,4200,LAC@HOU,HOU,LAC,,,,,,SF
58847-41082:Damian Jones,58847-41082,C,Damian,Damian Jones,Jones,10.85135135,37,4200,SAC@MEM,SAC,MEM,,,,,,C
58847-14523:Reggie Jackson,58847-14523,PG,Reggie,Reggie Jackson,Jackson,19.95303067,66,4200,LAC@HOU,LAC,HOU,,,,,,PG
58847-58576:Kevon Looney,58847-58576,C,Kevon,Kevon Looney,Looney,14.67118603,59,4200,NO@GS,GS,NO,,,,,,C
58847-84701:Chimezie Metu,58847-84701,C,Chimezie,Chimezie Metu,Metu,12.65588199,34,4200,SAC@MEM,SAC,MEM,,,,,,C
58847-12511:Ish Smith,58847-12511,PG,Ish,Ish Smith,Smith,18.29523868,42,4200,CLE@WAS,WAS,CLE,,,,,,PG
58847-58081:Tyus Jones,58847-58081,PG,Tyus,Tyus Jones,Jones,16.66911765,68,4200,SAC@MEM,MEM,SAC,,,,,,PG
58847-18338:Royce O'Neale,58847-18338,PF,Royce,Royce O'Neale,O'Neale,21.69130364,69,4200,UTA@OKC,UTA,OKC,,,,,,PF
58847-80824:Frank Jackson,58847-80824,PG,Frank,Frank Jackson,Jackson,14.03000031,40,4200,DEN@DET,DET,DEN,O,Ankle,,,,PG
58847-66108:Jamal Murray,58847-66108,PG,Jamal,Jamal Murray,Murray,35.83958435,48,4100,DEN@DET,DEN,DET,O,Knee,,,,PG
58847-145538:Aleksej Pokusevski,58847-145538,PF,Aleksej,Aleksej Pokusevski,Pokusevski,18.65116279,43,4100,UTA@OKC,OKC,UTA,,,,,,PF
58847-14509:Klay Thompson,58847-14509,SG,Klay,Klay Thompson,Thompson,,,4100,NO@GS,GS,NO,O,Achilles,,,,SG
58847-23823:Willie Cauley-Stein,58847-23823,PF,Willie,Willie Cauley-Stein,Cauley-Stein,15.15490244,51,4100,TOR@DAL,DAL,TOR,,,,,,PF
58847-145310:Saben Lee,58847-145310,PG,Saben,Saben Lee,Lee,15.06739077,46,4100,DEN@DET,DET,DEN,,,,,,PG
58847-12351:Derrick Favors,58847-12351,C,Derrick,Derrick Favors,Favors,16.84697007,66,4000,UTA@OKC,UTA,OKC,,,,,,C
58847-12362:DeMarcus Cousins,58847-12362,C,DeMarcus,DeMarcus Cousins,Cousins,21.95249939,40,4000,LAC@HOU,LAC,HOU,,,,,,C
58847-23169:Steven Adams,58847-23169,C,Steven,Steven Adams,Adams,24.4706905,58,4000,NO@GS,NO,GS,GTD,Toe,,,,C
58847-148402:Gabriel Deck,58847-148402,SF,Gabriel,Gabriel Deck,Deck,18.82500076,8,4000,UTA@OKC,OKC,UTA,,,,,,SF
58847-145334:Desmond Bane,58847-145334,SG,Desmond,Desmond Bane,Bane,17.13484885,66,4000,SAC@MEM,MEM,SAC,,,,,,SG
58847-66046:Luke Kennard,58847-66046,SG,Luke,Luke Kennard,Kennard,14.22295042,61,4000,LAC@HOU,LAC,HOU,,,,,,SG
58847-12332:John Wall,58847-12332,PG,John,John Wall,Wall,36.70750122,40,3900,LAC@HOU,HOU,LAC,O,Hamstring,,,,PG
58847-23156:Georges Niang,58847-23156,PF,Georges,Georges Niang,Niang,11.59142892,70,3900,UTA@OKC,UTA,OKC,,,,,,PF
58847-41594:Aaron Gordon,58847-41594,PF,Aaron,Aaron Gordon,Gordon,26.54898009,49,3900,DEN@DET,DEN,DET,,,,,,PF
58847-145588:Anthony Lamb,58847-145588,SF,Anthony,Anthony Lamb,Lamb,9.918181679,22,3900,LAC@HOU,HOU,LAC,,,,,,SF
58847-49336:DeAndre' Bembry,58847-49336,SG,DeAndre',DeAndre' Bembry,Bembry,14.25102016,49,3900,TOR@DAL,TOR,DAL,,,,,,SG
58847-9453:Al Horford,58847-9453,PF,Al,Al Horford,Horford,31.73571341,28,3900,UTA@OKC,OKC,UTA,O,Coach's decision,,,,PF
58847-110346:Isaiah Roby,58847-110346,PF,Isaiah,Isaiah Roby,Roby,20.87288136,59,3900,UTA@OKC,OKC,UTA,,,,,,PF
58847-9556:Eric Gordon,58847-9556,SF,Eric,Eric Gordon,Gordon,25.44814724,27,3900,LAC@HOU,HOU,LAC,O,Groin,,,,SF
58847-145336:Xavier Tillman,58847-145336,PF,Xavier,Xavier Tillman,Tillman,16.84561425,57,3900,SAC@MEM,MEM,SAC,,,,,,PF
58847-20992:Larry Nance,58847-20992,PF,Larry,Larry Nance,Nance,27.1,35,3800,CLE@WAS,CLE,WAS,O,Thumb,,,,PF
58847-81621:Maxi Kleber,58847-81621,PF,Maxi,Maxi Kleber,Kleber,18.28,50,3800,TOR@DAL,DAL,TOR,,,,,,PF
58847-84707:Chandler Hutchison,58847-84707,SF,Chandler,Chandler Hutchison,Hutchison,10.53478274,23,3800,CLE@WAS,WAS,CLE,,,,,,SF
58847-9455:Rajon Rondo,58847-9455,PG,Rajon,Rajon Rondo,Rondo,15.55454601,44,3800,LAC@HOU,LAC,HOU,,,,,,PG
58847-9466:D.J. Augustin,58847-9466,PG,D.J.,D.J. Augustin,Augustin,14.53090931,55,3800,LAC@HOU,HOU,LAC,,,,,,PG
58847-15628:Otto Porter,58847-15628,SF,Otto,Otto Porter,Porter,20.38928659,28,3800,ORL@PHI,ORL,PHI,O,Foot,,,,SF
58847-40262:Sterling Brown,58847-40262,SG,Sterling,Sterling Brown,Brown,17.6823527,51,3800,LAC@HOU,HOU,LAC,O,Forehead,,,,SG
58847-145827:Freddie Gillespie,58847-145827,PF,Freddie,Freddie Gillespie,Gillespie,15.91666667,18,3800,TOR@DAL,TOR,DAL,,,,,,PF
58847-145316:Kira Lewis,58847-145316,PG,Kira,Kira Lewis,Lewis,13.20384568,52,3800,NO@GS,NO,GS,,,,,,PG
58847-101393:Paul Watson,58847-101393,SG,Paul,Paul Watson,Watson,7.722222222,27,3700,TOR@DAL,TOR,DAL,GTD,Knee,,,,SG
58847-9873:Robin Lopez,58847-9873,C,Robin,Robin Lopez,Lopez,15.99275362,69,3700,CLE@WAS,WAS,CLE,,,,,,C
58847-67312:Thomas Bryant,58847-67312,C,Thomas,Thomas Bryant,Bryant,26.37000122,10,3700,CLE@WAS,WAS,CLE,O,Knee,,,,C
58847-16197:Chasson Randle,58847-16197,SG,Chasson,Chasson Randle,Randle,12.08717933,39,3700,ORL@PHI,ORL,PHI,,,,,,SG
58847-80823:Tony Bradley,58847-80823,PF,Tony,Tony Bradley,Bradley,17.70249939,40,3700,UTA@OKC,OKC,UTA,,,,,,PF
58847-85466:Wenyen Gabriel,58847-85466,PF,Wenyen,Wenyen Gabriel,Gabriel,7.805263319,19,3700,NO@GS,NO,GS,,,,,,PF
58847-115802:Jaylen Hoard,58847-115802,SF,Jaylen,Jaylen Hoard,Hoard,13.44705918,17,3600,UTA@OKC,OKC,UTA,,,,,,SF
58847-66196:PJ Dozier,58847-66196,SG,PJ,PJ Dozier,Dozier,17.08800049,50,3600,DEN@DET,DEN,DET,O,Groin,,,,SG
58847-84703:De'Anthony Melton,58847-84703,SG,De'Anthony,De'Anthony Melton,Melton,20.61,50,3600,SAC@MEM,MEM,SAC,,,,,,SG
58847-58083:Jahlil Okafor,58847-58083,C,Jahlil,Jahlil Okafor,Okafor,8.955999756,25,3600,DEN@DET,DET,DEN,,,,,,C
58847-110320:Matisse Thybulle,58847-110320,SF,Matisse,Matisse Thybulle,Thybulle,15.29692289,65,3600,ORL@PHI,PHI,ORL,GTD,Hand,,,,SF
58847-110323:Eric Paschall,58847-110323,C,Eric,Eric Paschall,Paschall,15.64871764,39,3600,NO@GS,GS,NO,,,,,,C
58847-9729:Paul Millsap,58847-9729,PF,Paul,Paul Millsap,Millsap,20.96727184,55,3500,DEN@DET,DEN,DET,,,,,,PF
58847-111622:Garrison Mathews,58847-111622,SF,Garrison,Garrison Mathews,Mathews,9.351612706,62,3500,CLE@WAS,WAS,CLE,,,,,,SF
58847-9739:JaVale McGee,58847-9739,C,JaVale,JaVale McGee,McGee,18.1181821,44,3500,DEN@DET,DEN,DET,,,,,,C
58847-23572:Taurean Prince,58847-23572,SF,Taurean,Taurean Prince,Prince,19.00975669,41,3500,CLE@WAS,CLE,WAS,O,Ankle,,,,SF
58847-16405:Terrence Ross,58847-16405,SG,Terrence,Terrence Ross,Ross,26.05652121,46,3500,ORL@PHI,ORL,PHI,O,Back,,,,SG
58847-117273:Mychal Mulder,58847-117273,SF,Mychal,Mychal Mulder,Mulder,7.968965728,58,3500,NO@GS,GS,NO,GTD,Knee,,,,SF
58847-117275:Jeremiah Martin,58847-117275,PG,Jeremiah,Jeremiah Martin,Martin,5.242857252,7,3500,CLE@WAS,CLE,WAS,,,,,,PG
58847-15904:Rodney Hood,58847-15904,SG,Rodney,Rodney Hood,Hood,9.201818293,55,3500,TOR@DAL,TOR,DAL,O,Hand,,,,SG
58847-117285:Vlatko Cancar,58847-117285,SF,Vlatko,Vlatko Cancar,Cancar,4.200000078,39,3500,DEN@DET,DEN,DET,,,,,,SF
58847-117289:Juwan Morgan,58847-117289,PF,Juwan,Juwan Morgan,Morgan,3.329629686,27,3500,UTA@OKC,UTA,OKC,GTD,Heel,,,,PF
58847-37931:Aron Baynes,58847-37931,C,Aron,Aron Baynes,Baynes,14.44313678,51,3500,TOR@DAL,TOR,DAL,,,,,,C
58847-117290:Charlie Brown,58847-117290,SG,Charlie,Charlie Brown,Brown,8.5,7,3500,UTA@OKC,OKC,UTA,,,,,,SG
58847-15405:JaMychal Green,58847-15405,PF,JaMychal,JaMychal Green,Green,16.78571429,56,3500,DEN@DET,DEN,DET,,,,,,PF
58847-12334:Avery Bradley,58847-12334,SG,Avery,Avery Bradley,Bradley,13.1259257,27,3500,LAC@HOU,HOU,LAC,O,Personal,,,,SG
58847-110638:Deividas Sirvydis,58847-110638,SF,Deividas,Deividas Sirvydis,Sirvydis,3.584210446,19,3500,DEN@DET,DET,DEN,,,,,,SF
58847-110641:Didi Louzada,58847-110641,SG,Didi,Didi Louzada,Louzada,3.200000048,1,3500,NO@GS,NO,GS,,,,,,SG
58847-117297:Louis King,58847-117297,SF,Louis,Louis King,King,4.675000191,4,3500,SAC@MEM,SAC,MEM,,,,,,SF
58847-12340:Patrick Patterson,58847-12340,PF,Patrick,Patrick Patterson,Patterson,9.461111281,36,3500,LAC@HOU,LAC,HOU,,,,,,PF
58847-117812:Donta Hall,58847-117812,SF,Donta,Donta Hall,Hall,14.62727217,11,3500,ORL@PHI,ORL,PHI,,,,,,SF
58847-12363:Hassan Whiteside,58847-12363,C,Hassan,Hassan Whiteside,Whiteside,19.61111111,36,3500,SAC@MEM,SAC,MEM,,,,,,C
58847-17491:James Ennis,58847-17491,SF,James,James Ennis,Ennis,17.51707347,41,3500,ORL@PHI,ORL,PHI,O,Calf,,,,SF
58847-20064:Matthew Dellavedova,58847-20064,PG,Matthew,Matthew Dellavedova,Dellavedova,12.369231,13,3500,CLE@WAS,CLE,WAS,O,Neck,,,,PG
58847-110697:Nicolo Melli,58847-110697,PF,Nicolo,Nicolo Melli,Melli,8.188372235,43,3500,TOR@DAL,DAL,TOR,,,,,,PF
58847-41077:Sindarius Thornwell,58847-41077,SG,Sindarius,Sindarius Thornwell,Thornwell,5.721052471,19,3500,ORL@PHI,ORL,PHI,,,,,,SG
58847-23676:Damyean Dotson,58847-23676,PG,Damyean,Damyean Dotson,Dotson,12.34222276,45,3500,CLE@WAS,CLE,WAS,,,,,,PG
58847-145532:Jay Scrubb,58847-145532,SG,Jay,Jay Scrubb,Scrubb,1.100000024,2,3500,LAC@HOU,LAC,HOU,,,,,,SG
58847-145539:Deni Avdija,58847-145539,SF,Deni,Deni Avdija,Avdija,15.90555601,54,3500,CLE@WAS,WAS,CLE,O,Ankle,,,,SF
58847-17541:James Nunnally,58847-17541,SF,James,James Nunnally,Nunnally,4.014285769,7,3500,NO@GS,NO,GS,,,,,,SF
58847-145548:Anthony Gill,58847-145548,PF,Anthony,Anthony Gill,Gill,6.78333346,24,3500,CLE@WAS,WAS,CLE,,,,,,PF
58847-70826:Furkan Korkmaz,58847-70826,SG,Furkan,Furkan Korkmaz,Korkmaz,16.09811344,53,3500,ORL@PHI,PHI,ORL,,,,,,SG
58847-12474:Patrick Beverley,58847-12474,PG,Patrick,Patrick Beverley,Beverley,18.10555522,36,3500,LAC@HOU,LAC,HOU,,,,,,PG
58847-9920:Anthony Tolliver,58847-9920,PF,Anthony,Anthony Tolliver,Tolliver,3.755555471,9,3500,ORL@PHI,PHI,ORL,,,,,,PF
58847-16071:Tim Frazier,58847-16071,PG,Tim,Tim Frazier,Frazier,6.625,4,3500,SAC@MEM,MEM,SAC,,,,,,PG
58847-23772:Yogi Ferrell,58847-23772,PG,Yogi,Yogi Ferrell,Ferrell,10.19999981,8,3500,LAC@HOU,LAC,HOU,,,,,,PG
58847-145632:Killian Tillie,58847-145632,PF,Killian,Killian Tillie,Tillie,6.535294028,17,3500,SAC@MEM,MEM,SAC,,,,,,PF
58847-9956:Wayne Ellington,58847-9956,SG,Wayne,Wayne Ellington,Ellington,15.05434783,46,3500,DEN@DET,DET,DEN,O,Calf,,,,SG
58847-58084:Justise Winslow,58847-58084,SF,Justise,Justise Winslow,Winslow,15.8,25,3500,SAC@MEM,MEM,SAC,,,,,,SF
58847-9957:Serge Ibaka,58847-9957,PF,Serge,Serge Ibaka,Ibaka,24.69743621,39,3500,LAC@HOU,LAC,HOU,GTD,Back,,,,PF
58847-110308:Jarrell Brantley,58847-110308,SF,Jarrell,Jarrell Brantley,Brantley,4.923076923,26,3500,UTA@OKC,UTA,OKC,,,,,,SF
58847-84711:Grayson Allen,58847-84711,SG,Grayson,Grayson Allen,Allen,20,50,3500,SAC@MEM,MEM,SAC,O,Abdomen,,,,SG
58847-110313:Bol Bol,58847-110313,C,Bol,Bol Bol,Bol,4.256666565,30,3500,DEN@DET,DEN,DET,,,,,,C
58847-110827:Matt Thomas,58847-110827,SG,Matt,Matt Thomas,Thomas,4.946511557,43,3500,UTA@OKC,UTA,OKC,,,,,,SG
58847-42733:David Nwaba,58847-42733,SF,David,David Nwaba,Nwaba,20.00333252,30,3500,LAC@HOU,HOU,LAC,O,Wrist,,,,SF
58847-84722:Isaac Bonga,58847-84722,PF,Isaac,Isaac Bonga,Bonga,5.742499924,40,3500,CLE@WAS,WAS,CLE,,,,,,PF
58847-110324:Miye Oni,58847-110324,SG,Miye,Miye Oni,Oni,5.386538579,52,3500,UTA@OKC,UTA,OKC,,,,,,SG
58847-85238:Yuta Watanabe,58847-85238,SG,Yuta,Yuta Watanabe,Watanabe,11.69599976,50,3500,TOR@DAL,TOR,DAL,GTD,Ankle,,,,SG
58847-23294:Danuel House,58847-23294,SF,Danuel,Danuel House,House,18.02500068,36,3500,LAC@HOU,HOU,LAC,O,Ankle,,,,SF
58847-110335:Ignas Brazdeikis,58847-110335,SF,Ignas,Ignas Brazdeikis,Brazdeikis,10.83636336,11,3500,ORL@PHI,ORL,PHI,,,,,,SF
58847-110334:Justin James,58847-110334,SG,Justin,Justin James,James,5.634285627,35,3500,SAC@MEM,SAC,MEM,,,,,,SG
58847-110341:Dylan Windler,58847-110341,SG,Dylan,Dylan Windler,Windler,12.8999998,31,3500,CLE@WAS,CLE,WAS,O,Knee,,,,SG
58847-55055:Dante Exum,58847-55055,PG,Dante,Dante Exum,Exum,12.31666692,6,3500,LAC@HOU,HOU,LAC,O,Calf,,,,PG
58847-111376:John Konchar,58847-111376,SG,John,John Konchar,Konchar,11.53809538,42,3500,SAC@MEM,MEM,SAC,,,,,,SG
58847-9490:Anderson Varejao,58847-9490,PF,Anderson,Anderson Varejao,Varejao,9.225000381,4,3500,CLE@WAS,CLE,WAS,,,,,,PF
58847-110355:Mfiondu Kabengele,58847-110355,SF,Mfiondu,Mfiondu Kabengele,Kabengele,5.367567733,37,3500,CLE@WAS,CLE,WAS,,,,,,SF
58847-110358:Kyle Guy,58847-110358,SG,Kyle,Kyle Guy,Guy,5.276666768,30,3500,SAC@MEM,SAC,MEM,,,,,,SG
58847-115994:Tyler Cook,58847-115994,PF,Tyler,Tyler Cook,Cook,8.523333232,30,3500,DEN@DET,DET,DEN,,,,,,PF
58847-110365:Alen Smailagic,58847-110365,PF,Alen,Alen Smailagic,Smailagic,4.378571374,14,3500,NO@GS,GS,NO,,,,,,PF
58847-145697:Karim Mane,58847-145697,PG,Karim,Karim Mane,Mane,3.679999924,10,3500,ORL@PHI,ORL,PHI,,,,,,PG
58847-48940:Wes Iwundu,58847-48940,SG,Wes,Wes Iwundu,Iwundu,6.634146341,41,3500,NO@GS,NO,GS,GTD,Shoulder,,,,SG
58847-119602:Jontay Porter,58847-119602,SF,Jontay,Jontay Porter,Porter,2.970000076,10,3500,SAC@MEM,MEM,SAC,,,,,,SF
58847-82744:Shaquille Harrison,58847-82744,PG,Shaquille,Shaquille Harrison,Harrison,6.481249809,32,3500,DEN@DET,DEN,DET,,,,,,PG
58847-145738:Nate Hinton,58847-145738,SG,Nate,Nate Hinton,Hinton,4.290000153,20,3500,TOR@DAL,DAL,TOR,,,,,,SG
58847-145737:Brodric Thomas,58847-145737,SG,Brodric,Brodric Thomas,Thomas,8.03666687,30,3500,CLE@WAS,CLE,WAS,,,,,,SG
58847-63826:Boban Marjanovic,58847-63826,C,Boban,Boban Marjanovic,Marjanovic,10.40937519,32,3500,TOR@DAL,DAL,TOR,,,,,,C
58847-9598:Ersan Ilyasova,58847-9598,PF,Ersan,Ersan Ilyasova,Ilyasova,8.399999619,16,3500,UTA@OKC,UTA,OKC,,,,,,PF
58847-15744:Rodney McGruder,58847-15744,SG,Rodney,Rodney McGruder,McGruder,10.08749962,16,3500,DEN@DET,DET,DEN,O,Elbow,,,,SG
58847-111492:Amir Coffey,58847-111492,PF,Amir,Amir Coffey,Coffey,5.472727342,44,3500,LAC@HOU,LAC,HOU,GTD,Covid-19,,,,PF
58847-145305:Zeke Nnaji,58847-145305,PF,Zeke,Zeke Nnaji,Nnaji,5.665000153,40,3500,DEN@DET,DEN,DET,,,,,,PF
58847-67486:Cameron Oliver,58847-67486,PF,Cameron,Cameron Oliver,Oliver,24.25,2,3500,LAC@HOU,HOU,LAC,,,,,,PF
58847-145309:Udoka Azubuike,58847-145309,C,Udoka,Udoka Azubuike,Azubuike,3.046153729,13,3500,UTA@OKC,UTA,OKC,,,,,,C
58847-145821:Josh Hall,58847-145821,SF,Josh,Josh Hall,Hall,7.590000153,20,3500,UTA@OKC,OKC,UTA,,,,,,SF
58847-145315:Elijah Hughes,58847-145315,SF,Elijah,Elijah Hughes,Hughes,2.82222218,18,3500,UTA@OKC,UTA,OKC,,,,,,SF
58847-80805:Markelle Fultz,58847-80805,PG,Markelle,Markelle Fultz,Fultz,26.1875,8,3500,ORL@PHI,ORL,PHI,O,Knee,,,,PG
58847-80811:Jonathan Isaac,58847-80811,SF,Jonathan,Jonathan Isaac,Isaac,32.2705868,34,3500,ORL@PHI,ORL,PHI,O,Knee,,,,SF
58847-145320:Daniel Oturu,58847-145320,C,Daniel,Daniel Oturu,Oturu,3.425000054,28,3500,LAC@HOU,LAC,HOU,,,,,,C
58847-145326:Tyrell Terry,58847-145326,PG,Tyrell,Tyrell Terry,Terry,3.654545524,11,3500,TOR@DAL,DAL,TOR,,,,,,PG
58847-80814:Dennis Smith,58847-80814,PG,Dennis,Dennis Smith,Smith,18.2826087,23,3500,DEN@DET,DET,DEN,O,Knee,,,,PG
58847-145325:Josh Green,58847-145325,SG,Josh,Josh Green,Green,6.886842427,38,3500,TOR@DAL,DAL,TOR,,,,,,SG
58847-145330:Isaiah Joe,58847-145330,PG,Isaiah,Isaiah Joe,Joe,5.758974515,39,3500,ORL@PHI,PHI,ORL,,,,,,PG
58847-145329:Paul Reed,58847-145329,SF,Paul,Paul Reed,Reed,7.662499746,24,3500,ORL@PHI,PHI,ORL,,,,,,SF
58847-145332:Tyler Bey,58847-145332,SF,Tyler,Tyler Bey,Bey,2.582353031,17,3500,TOR@DAL,DAL,TOR,,,,,,SF
58847-9655:JJ Redick,58847-9655,SF,JJ,JJ Redick,Redick,11.05227245,44,3500,TOR@DAL,DAL,TOR,O,Heel,,,,SF
58847-80825:Isaiah Hartenstein,58847-80825,PF,Isaiah,Isaiah Hartenstein,Hartenstein,14.4717394,46,3500,CLE@WAS,CLE,WAS,O,Concussion,,,,PF
58847-145338:Jahmi'us Ramsey,58847-145338,PG,Jahmi'us,Jahmi'us Ramsey,Ramsey,3.609090978,11,3500,SAC@MEM,SAC,MEM,,,,,,PG
58847-145347:James Wiseman,58847-145347,C,James,James Wiseman,Wiseman,21.51794903,39,3500,NO@GS,GS,NO,O,Knee,,,,C
58847-145345:Nico Mannion,58847-145345,PG,Nico,Nico Mannion,Mannion,9.41724159,29,3500,NO@GS,GS,NO,,,,,,PG
58847-145350:Robert Woodard,58847-145350,PF,Robert,Robert Woodard,Woodard,3.29090916,11,3500,SAC@MEM,SAC,MEM,O,Back,,,,PF
58847-145349:Cassius Winston,58847-145349,PG,Cassius,Cassius Winston,Winston,3.51428586,21,3500,CLE@WAS,WAS,CLE,,,,,,PG
58847-18376:Damion Lee,58847-18376,SG,Damion,Damion Lee,Lee,14.14912281,57,3500,NO@GS,GS,NO,O,Covid-19,,,,SG
58847-145352:Trent Forrest,58847-145352,SG,Trent,Trent Forrest,Forrest,7.360714504,28,3500,UTA@OKC,UTA,OKC,,,,,,SG
58847-40396:Monte Morris,58847-40396,PG,Monte,Monte Morris,Morris,19.77111138,45,3500,DEN@DET,DEN,DET,,,,,,PG
58847-145358:Markus Howard,58847-145358,PG,Markus,Markus Howard,Howard,2.72285723,35,3500,DEN@DET,DEN,DET,,,,,,PG
58847-145356:Sean McDermott,58847-145356,SF,Sean,Sean McDermott,McDermott,4.377777947,18,3500,SAC@MEM,MEM,SAC,GTD,Foot,,,,SF
58847-145357:Lamar Stevens,58847-145357,PF,Lamar,Lamar Stevens,Stevens,9.617500305,40,3500,CLE@WAS,CLE,WAS,O,Concussion,,,,PF
58847-101331:Gary Clark,58847-101331,PF,Gary,Gary Clark,Clark,9.178378543,37,3500,ORL@PHI,PHI,ORL,,,,,,PF
58847-116178:Rayjon Tucker,58847-116178,PG,Rayjon,Rayjon Tucker,Tucker,3.484615326,13,3500,ORL@PHI,PHI,ORL,,,,,,PG
58847-15843:Trey Burke,58847-15843,PG,Trey,Trey Burke,Burke,11.26166687,60,3500,TOR@DAL,DAL,TOR,,,,,,PG
58847-17894:Mike Muscala,58847-17894,C,Mike,Mike Muscala,Muscala,16.4400007,35,3500,UTA@OKC,OKC,UTA,O,Ankle,,,,C
58847-58350:Stanley Johnson,58847-58350,SF,Stanley,Stanley Johnson,Johnson,11.3576267,59,3500,TOR@DAL,TOR,DAL,,,,,,SF
58847-16368:Mike Scott,58847-16368,PF,Mike,Mike Scott,Scott,9.657143106,49,3500,ORL@PHI,PHI,ORL,,,,,,PF
