Player ID + Player Name,Id,Position_New,First Name,Nickname,Last Name,FPPG,Played,Salary,Game,Team,Opponent,Injury Indicator,Injury Details,Tier,Probable Pitcher,Batting Order,Roster Position,Position,Mscore
59236-16959:Trevor Bauer,59236-16959,P,Trevor,Trevor Bauer,Bauer,45.88888889,9,11800,LAD@SF,LAD,SF,,,,Yes,1,P,P,30
59236-52183:Tyler Glasnow,59236-52183,P,Tyler,Tyler Glasnow,Glasnow,47.77777778,9,11000,TB@TOR,TB,TOR,,,,Yes,1,P,P,28
59236-60633:Carlos Rodon,59236-60633,P,Carlos,Carlos Rodon,Rodon,46.83333333,6,10400,CWS@NYY,CWS,NYY,,,,Yes,1,P,P,15
59236-10978:Stephen Strasburg,59236-10978,P,Stephen,Stephen Strasburg,Strasburg,23,2,10200,BAL@WSH,WSH,BAL,IL,Shoulder,,Yes,1,P,P,5
59236-38028:Alex Wood,59236-38028,P,Alex,Alex Wood,Wood,39.66666667,6,9100,LAD@SF,SF,LAD,,,,Yes,1,P,P,5
59236-60647:Aaron Nola,59236-60647,P,Aaron,Aaron Nola,Nola,35.33333333,9,9000,BOS@PHI,PHI,BOS,,,,Yes,1,P,P,20
59236-79078:Ian Anderson,59236-79078,P,Ian,Ian Anderson,Anderson,32.75,8,8800,PIT@ATL,ATL,PIT,,,,Yes,1,P,P,20
59236-39041:Marcus Stroman,59236-39041,P,Marcus,Marcus Stroman,Stroman,29.5,8,8400,NYM@MIA,NYM,MIA,,,,Yes,1,P,P,5
59236-12936:Kyle Gibson,59236-12936,P,Kyle,Kyle Gibson,Gibson,33.66666667,9,8100,HOU@TEX,TEX,HOU,,,,Yes,1,P,P,5
59236-38246:Tyler Anderson,59236-38246,P,Tyler,Tyler Anderson,Anderson,30.875,8,7900,PIT@ATL,PIT,ATL,,,,Yes,1,P,P,5
59236-12481:Mike Minor,59236-12481,P,Mike,Mike Minor,Minor,26.375,8,7600,DET@KC,KC,DET,,,,Yes,1,P,P,5
59236-53398:Kyle Hendricks,59236-53398,P,Kyle,Kyle Hendricks,Hendricks,25.125,8,7500,CHC@STL,CHC,STL,,,,Yes,1,P,P,5
59236-73880:German Marquez,59236-73880,P,German,German Marquez,Marquez,24.88888889,9,7300,ARI@COL,COL,ARI,,,,Yes,1,P,P,5
59236-39686:Carlos Martinez,59236-39686,P,Carlos,Carlos Martinez,Martinez,22.85714286,7,7000,CHC@STL,STL,CHC,IL,Ankle,,Yes,1,P,P,5
59236-11328:Martin Perez,59236-11328,P,Martin,Martin Perez,Perez,24.375,8,6900,BOS@PHI,BOS,PHI,,,,Yes,1,P,P,5
59236-53608:Jose Urena,59236-53608,P,Jose,Jose Urena,Urena,23.25,8,6800,DET@KC,DET,KC,,,,Yes,1,P,P,5
59236-79853:Jordan Montgomery,59236-79853,P,Jordan,Jordan Montgomery,Montgomery,25.75,8,6600,CWS@NYY,NYY,CWS,,,,Yes,1,P,P,5
59236-66766:Adrian Houser,59236-66766,P,Adrian,Adrian Houser,Houser,24.875,8,6500,MIL@CIN,MIL,CIN,,,,Yes,1,P,P,5
59236-79118:Triston McKenzie,59236-79118,P,Triston,Triston McKenzie,McKenzie,22.28571429,7,6400,MIN@CLE,CLE,MIN,,,,Yes,1,P,P,5
59236-79224:Chris Paddack,59236-79224,P,Chris,Chris Paddack,Paddack,17,8,6300,SEA@SD,SD,SEA,,,,Yes,1,P,P,5
59236-114708:Randy Dobnak,59236-114708,P,Randy,Randy Dobnak,Dobnak,5.285714286,7,6200,MIN@CLE,MIN,CLE,,,,Yes,1,P,P,5
59236-21099:Jose Quintana,59236-21099,P,Jose,Jose Quintana,Quintana,18.14285714,7,6200,OAK@LAA,LAA,OAK,,,,Yes,1,P,P,5
59236-81490:Chris Flexen,59236-81490,P,Chris,Chris Flexen,Flexen,24.71428571,7,6200,SEA@SD,SEA,SD,,,,Yes,1,P,P,5
59236-60656:Jeff Hoffman,59236-60656,P,Jeff,Jeff Hoffman,Hoffman,18,9,6100,MIL@CIN,CIN,MIL,,,,Yes,1,P,P,5
59236-66765:Jorge Lopez,59236-66765,P,Jorge,Jorge Lopez,Lopez,17.25,8,6000,BAL@WSH,BAL,WSH,,,,Yes,1,P,P,5
59236-79201:Anthony Kay,59236-79201,P,Anthony,Anthony Kay,Kay,14,4,6000,TB@TOR,TOR,TB,,,,Yes,1,P,P,5
59236-80566:Seth Frankoff,59236-80566,P,Seth,Seth Frankoff,Frankoff,20,1,5500,ARI@COL,ARI,COL,,,,Yes,1,P,P,5
59236-101826:Jordan Holloway,59236-101826,P,Jordan,Jordan Holloway,Holloway,11.42857143,7,5500,NYM@MIA,MIA,NYM,,,,Yes,1,P,P,5
59236-79393:Fernando Tatis Jr.,59236-79393,SS,Fernando,Fernando Tatis Jr.,Tatis Jr.,14.80740696,27,4500,SEA@SD,SD,SEA,,,,,1,SS/UTIL,SS,9
59236-79756:Ronald Acuna Jr.,59236-79756,OF,Ronald,Ronald Acuna Jr.,Acuna Jr.,14.43249969,40,4400,PIT@ATL,ATL,PIT,,,,,1,OF/UTIL,OF,12
59236-52158:Trevor Story,59236-52158,SS,Trevor,Trevor Story,Story,10.4023253,43,4300,ARI@COL,COL,ARI,,,,,1,SS/UTIL,SS,15
59236-13342:Nick Castellanos,59236-13342,OF,Nick,Nick Castellanos,Castellanos,14.09210526,38,4300,MIL@CIN,CIN,MIL,,,,,1,OF/UTIL,OF,14
59236-39151:Mookie Betts,59236-39151,OF,Mookie,Mookie Betts,Betts,11.94054021,37,4200,LAD@SF,LAD,SF,,,,,1,OF/UTIL,OF,9
59236-65881:Trea Turner,59236-65881,SS,Trea,Trea Turner,Turner,12.69749985,40,4200,BAL@WSH,WSH,BAL,,,,,1,SS/UTIL,SS,1
59236-79282:Juan Soto,59236-79282,OF,Juan,Juan Soto,Soto,10.2700002,30,4200,BAL@WSH,WSH,BAL,,,,,1,OF/UTIL,OF,1
59236-14562:Jose Altuve,59236-14562,2B,Jose,Jose Altuve,Altuve,11.70303067,33,4100,HOU@TEX,HOU,TEX,,,,,1,2B/UTIL,2B,12
59236-13540:J.D. Martinez,59236-13540,OF,J.D.,J.D. Martinez,Martinez,14.12790698,43,4100,BOS@PHI,BOS,PHI,,,,,1,OF/UTIL,OF,5
59236-21853:Ketel Marte,59236-21853,2B/OF,Ketel,Ketel Marte,Marte,14.33749962,8,4100,ARI@COL,ARI,COL,,,,,1,2B/OF/UTIL,2B,17
59236-39086:Byron Buxton,59236-39086,OF,Byron,Byron Buxton,Buxton,15.88749949,24,4000,MIN@CLE,MIN,CLE,IL,Hip,,,0,OF/UTIL,OF,8
59236-82440:Shohei Ohtani,59236-82440,OF,Shohei,Shohei Ohtani,Ohtani,13.64883778,43,4000,OAK@LAA,LAA,OAK,,,,,1,OF/UTIL,OF,16
59236-13719:Nolan Arenado,59236-13719,3B,Nolan,Nolan Arenado,Arenado,12.05813953,43,4000,CHC@STL,STL,CHC,,,,,1,3B/UTIL,3B,11
59236-12948:Bryce Harper,59236-12948,OF,Bryce,Bryce Harper,Harper,11.90277778,36,3900,BOS@PHI,PHI,BOS,,,,,1,OF/UTIL,OF,10
59236-68514:Ryan McMahon,59236-68514,2B/3B,Ryan,Ryan McMahon,McMahon,10.58181832,44,3900,ARI@COL,COL,ARI,,,,,1,2B/3B/UTIL,2B,15
59236-21609:Christian Yelich,59236-21609,OF,Christian,Christian Yelich,Yelich,9.674999873,12,3900,MIL@CIN,MIL,CIN,,,,,1,OF/UTIL,OF,13
59236-53401:Trey Mancini,59236-53401,OF,Trey,Trey Mancini,Mancini,12.00232501,43,3800,BAL@WSH,BAL,WSH,,,,,1,OF/UTIL,OF,1
59236-13229:Charlie Blackmon,59236-13229,OF,Charlie,Charlie Blackmon,Blackmon,7.757499695,40,3800,ARI@COL,COL,ARI,,,,,1,OF/UTIL,OF,15
59236-52147:Kris Bryant,59236-52147,3B,Kris,Kris Bryant,Bryant,13.38000031,40,3800,CHC@STL,CHC,STL,,,,,1,3B/UTIL,3B,10
59236-52187:Ji-Man Choi,59236-52187,1B,Ji-Man,Ji-Man Choi,Choi,19.70000076,4,3800,TB@TOR,TB,TOR,,,,,0,C/1B/UTIL,C/1B,10
59236-68585:Rafael Devers,59236-68585,3B,Rafael,Rafael Devers,Devers,12.96190534,42,3800,BOS@PHI,BOS,PHI,,,,,1,3B/UTIL,3B,5
59236-11334:Freddie Freeman,59236-11334,1B,Freddie,Freddie Freeman,Freeman,11.74883749,43,3800,PIT@ATL,ATL,PIT,,,,,1,C/1B/UTIL,C/1B,12
59236-73159:Mitch Haniger,59236-73159,OF,Mitch,Mitch Haniger,Haniger,12.14285714,42,3800,SEA@SD,SEA,SD,,,,,1,OF/UTIL,OF,9
59236-13239:Eduardo Escobar,59236-13239,3B/2B,Eduardo,Eduardo Escobar,Escobar,10.56363609,44,3700,ARI@COL,ARI,COL,,,,,1,2B/3B/UTIL,2B,17
59236-52176:Max Muncy,59236-52176,1B/2B,Max,Max Muncy,Muncy,12.19285656,42,3700,LAD@SF,LAD,SF,,,,,1,C/1B/2B/UTIL,C/1B,9
59236-60643:Aaron Judge,59236-60643,OF,Aaron,Aaron Judge,Judge,11.52926859,41,3700,CWS@NYY,NYY,CWS,,,,,1,OF/UTIL,OF,
59236-79273:Vladimir Guerrero Jr.,59236-79273,1B/3B,Vladimir,Vladimir Guerrero Jr.,Guerrero Jr.,14.03333391,42,3700,TB@TOR,TOR,TB,,,,,1,C/1B/3B/UTIL,C/1B,15
59236-38872:Jesse Winker,59236-38872,OF,Jesse,Jesse Winker,Winker,12.80277761,36,3700,MIL@CIN,CIN,MIL,,,,,1,OF/UTIL,OF,14
59236-38976:Jose Ramirez,59236-38976,3B,Jose,Jose Ramirez,Ramirez,13.03170702,41,3600,MIN@CLE,CLE,MIN,,,,,1,3B/UTIL,3B,12
59236-53586:David Peralta,59236-53586,OF,David,David Peralta,Peralta,10.14285714,42,3600,ARI@COL,ARI,COL,,,,,1,OF/UTIL,OF,17
59236-52180:Austin Meadows,59236-52180,OF,Austin,Austin Meadows,Meadows,11.48780488,41,3600,TB@TOR,TB,TOR,,,,,0,OF/UTIL,OF,10
59236-60635:Raimel Tapia,59236-60635,OF,Raimel,Raimel Tapia,Tapia,9.285714286,42,3600,ARI@COL,COL,ARI,,,,,1,OF/UTIL,OF,15
59236-79175:Trent Grisham,59236-79175,OF,Trent,Trent Grisham,Grisham,11.44857178,35,3600,SEA@SD,SD,SEA,,,,,1,OF/UTIL,OF,9
59236-21875:Max Kepler,59236-21875,OF,Max,Max Kepler,Kepler,10.14516129,31,3600,MIN@CLE,MIN,CLE,,,,,1,OF/UTIL,OF,8
59236-73871:Carson Kelly,59236-73871,C,Carson,Carson Kelly,Kelly,12.34642901,28,3500,ARI@COL,ARI,COL,IL,Toe,,,0,C/1B/UTIL,C/1B,17
59236-49523:Jose Abreu,59236-49523,1B,Jose,Jose Abreu,Abreu,11.91842089,38,3500,CWS@NYY,CWS,NYY,O,Ankle,,,1,C/1B/UTIL,C/1B,10
59236-16983:George Springer,59236-16983,OF,George,George Springer,Springer,14.77499962,4,3500,TB@TOR,TOR,TB,IL,Quadriceps,,,0,OF/UTIL,OF,15
59236-12933:Mike Trout,59236-12933,OF,Mike,Mike Trout,Trout,12.62777795,36,3500,OAK@LAA,LAA,OAK,IL,Calf,,,0,OF/UTIL,OF,16
59236-82575:Yordan Alvarez,59236-82575,OF,Yordan,Yordan Alvarez,Alvarez,12.41388872,36,3500,HOU@TEX,HOU,TEX,,,,,1,OF/UTIL,OF,12
59236-82654:Bo Bichette,59236-82654,SS,Bo,Bo Bichette,Bichette,13.20714315,42,3500,TB@TOR,TOR,TB,,,,,1,SS/UTIL,SS,15
59236-53994:Josh Bell,59236-53994,1B,Josh,Josh Bell,Bell,9.11333313,30,3500,BAL@WSH,WSH,BAL,,,,,1,C/1B/UTIL,C/1B,1
59236-68522:Alex Bregman,59236-68522,3B,Alex,Alex Bregman,Bregman,11.65405438,37,3500,HOU@TEX,HOU,TEX,,,,,1,3B/UTIL,3B,12
59236-37982:Xander Bogaerts,59236-37982,SS,Xander,Xander Bogaerts,Bogaerts,12.34883721,43,3500,BOS@PHI,BOS,PHI,,,,,1,SS/UTIL,SS,5
59236-5221:Asdrubal Cabrera,59236-5221,1B/3B,Asdrubal,Asdrubal Cabrera,Cabrera,10.25294136,34,3500,ARI@COL,ARI,COL,IL,Hamstring,,,0,C/1B/3B/UTIL,C/1B,17
59236-13423:Starling Marte,59236-13423,OF,Starling,Starling Marte,Marte,14.06666667,15,3500,NYM@MIA,MIA,NYM,IL,Ribs,,,0,OF/UTIL,OF,10
59236-13501:Chris Owings,59236-13501,2B/OF,Chris,Chris Owings,Owings,14.09999956,7,3500,ARI@COL,COL,ARI,IL,Thumb,,,0,2B/OF/UTIL,2B,15
59236-83155:Ramon Laureano,59236-83155,OF,Ramon,Ramon Laureano,Laureano,11.63414634,41,3500,OAK@LAA,OAK,LAA,,,,,1,OF/UTIL,OF,15
59236-60631:Kyle Schwarber,59236-60631,OF,Kyle,Kyle Schwarber,Schwarber,10.09090909,33,3500,BAL@WSH,WSH,BAL,,,,,1,OF/UTIL,OF,1
59236-60672:Tim Anderson,59236-60672,SS,Tim,Tim Anderson,Anderson,12.12187481,32,3500,CWS@NYY,CWS,NYY,,,,,1,SS/UTIL,SS,10
59236-85261:Randy Arozarena,59236-85261,OF,Randy,Randy Arozarena,Arozarena,11.77073186,41,3500,TB@TOR,TB,TOR,,,,,1,OF/UTIL,OF,10
59236-79159:Cody Bellinger,59236-79159,1B/OF,Cody,Cody Bellinger,Bellinger,10.10000038,4,3500,LAD@SF,LAD,SF,IL,Lower leg,,,0,C/1B/OF/UTIL,C/1B,9
59236-79215:Rhys Hoskins,59236-79215,1B,Rhys,Rhys Hoskins,Hoskins,10.19772755,44,3500,BOS@PHI,PHI,BOS,,,,,1,C/1B/UTIL,C/1B,10
59236-21885:Javier Baez,59236-21885,SS,Javier,Javier Baez,Baez,11.93684227,38,3500,CHC@STL,CHC,STL,,,,,1,SS/UTIL,SS,10
59236-5763:Nelson Cruz,59236-5763,OF,Nelson,Nelson Cruz,Cruz,10.50731678,41,3500,MIN@CLE,MIN,CLE,DTD,Wrist,,,1,OF/UTIL,OF,8
59236-38561:Chris Taylor,59236-38561,2B/OF,Chris,Chris Taylor,Taylor,12.41025641,39,3500,LAD@SF,LAD,SF,,,,,1,2B/OF/UTIL,2B,9
59236-12310:Carlos Santana,59236-12310,1B,Carlos,Carlos Santana,Santana,11.57619077,42,3400,DET@KC,KC,DET,,,,,1,C/1B/UTIL,C/1B,13
59236-104483:Jared Walsh,59236-104483,1B,Jared,Jared Walsh,Walsh,11.38333348,42,3400,OAK@LAA,LAA,OAK,,,,,1,C/1B/UTIL,C/1B,16
59236-6312:Justin Turner,59236-6312,3B,Justin,Justin Turner,Turner,10.94390274,41,3400,LAD@SF,LAD,SF,,,,,1,3B/UTIL,3B,9
59236-16951:Anthony Rendon,59236-16951,3B,Anthony,Anthony Rendon,Rendon,9.373913309,23,3400,OAK@LAA,LAA,OAK,,,,,1,3B/UTIL,3B,16
59236-82527:Jazz Chisholm Jr.,59236-82527,2B/SS,Jazz,Jazz Chisholm Jr.,Chisholm Jr.,12.32499949,24,3400,NYM@MIA,MIA,NYM,,,,,1,2B/SS/UTIL,2B,10
59236-82563:Garrett Hampson,59236-82563,2B/OF,Garrett,Garrett Hampson,Hampson,10.31951234,41,3400,ARI@COL,COL,ARI,,,,,1,2B/OF/UTIL,2B,15
59236-12968:Paul Goldschmidt,59236-12968,1B,Paul,Paul Goldschmidt,Goldschmidt,10.14634146,41,3400,CHC@STL,STL,CHC,,,,,1,C/1B/UTIL,C/1B,11
59236-82614:Pete Alonso,59236-82614,1B,Pete,Pete Alonso,Alonso,9.963889228,36,3400,NYM@MIA,NYM,MIA,DTD,Wrist,,,1,C/1B/UTIL,C/1B,10
59236-70562:Whit Merrifield,59236-70562,2B/OF,Whit,Whit Merrifield,Merrifield,11.33333333,42,3400,DET@KC,KC,DET,,,,,1,2B/OF/UTIL,2B,13
59236-52175:Matt Olson,59236-52175,1B,Matt,Matt Olson,Olson,11.36923061,39,3400,OAK@LAA,OAK,LAA,,,,,1,C/1B/UTIL,C/1B,15
59236-21705:Marcus Semien,59236-21705,2B/SS,Marcus,Marcus Semien,Semien,12.58095296,42,3400,TB@TOR,TOR,TB,,,,,1,2B/SS/UTIL,2B,15
59236-5456:Andrew McCutchen,59236-5456,OF,Andrew,Andrew McCutchen,McCutchen,10.1625,40,3400,BOS@PHI,PHI,BOS,,,,,1,OF/UTIL,OF,10
59236-85520:Adolis Garcia,59236-85520,OF,Adolis,Adolis Garcia,Garcia,12.61111111,36,3400,HOU@TEX,TEX,HOU,,,,,1,OF/UTIL,OF,12
59236-13929:Manny Machado,59236-13929,3B,Manny,Manny Machado,Machado,10.82325567,43,3400,SEA@SD,SD,SEA,,,,,1,3B/UTIL,3B,9
59236-38965:C.J. Cron,59236-38965,1B,C.J.,C.J. Cron,Cron,9.938709874,31,3300,ARI@COL,COL,ARI,,,,,1,C/1B/UTIL,C/1B,15
59236-16948:Kolten Wong,59236-16948,2B,Kolten,Kolten Wong,Wong,8.537500381,32,3300,MIL@CIN,MIL,CIN,,,,,1,2B/UTIL,2B,13
59236-118210:Jake Cronenworth,59236-118210,1B/2B,Jake,Jake Cronenworth,Cronenworth,9.736363498,44,3300,SEA@SD,SD,SEA,,,,,1,C/1B/2B/UTIL,C/1B,9
59236-13771:Josh Harrison,59236-13771,2B/3B,Josh,Josh Harrison,Harrison,9.100000197,31,3300,BAL@WSH,WSH,BAL,,,,,1,2B/3B/UTIL,2B,1
59236-38614:Carlos Correa,59236-38614,SS,Carlos,Carlos Correa,Correa,9.945238386,42,3300,HOU@TEX,HOU,TEX,,,,,1,SS/UTIL,SS,12
59236-81953:Austin Hays,59236-81953,OF,Austin,Austin Hays,Hays,10.70333354,30,3200,BAL@WSH,BAL,WSH,,,,,1,OF/UTIL,OF,1
59236-82530:Pavin Smith,59236-82530,1B/OF,Pavin,Pavin Smith,Smith,8.04523795,42,3200,ARI@COL,ARI,COL,,,,,1,C/1B/OF/UTIL,C/1B,17
59236-85246:Josh Fuentes,59236-85246,1B/3B,Josh,Josh Fuentes,Fuentes,7.248780786,41,3200,ARI@COL,COL,ARI,,,,,1,C/1B/3B/UTIL,C/1B,15
59236-85504:Brandon Lowe,59236-85504,2B/OF,Brandon,Brandon Lowe,Lowe,8.739024093,41,3200,TB@TOR,TB,TOR,,,,,1,2B/OF/UTIL,2B,10
59236-79401:Will Smith,59236-79401,C,Will,Will Smith,Smith,10.48285697,35,3200,LAD@SF,LAD,SF,,,,,1,C/1B/UTIL,C/1B,9
59236-73832:Joey Wendle,59236-73832,2B/3B,Joey,Joey Wendle,Wendle,10.4048782,41,3100,TB@TOR,TB,TOR,,,,,1,2B/3B/UTIL,2B,10
59236-61553:Yoan Moncada,59236-61553,3B,Yoan,Yoan Moncada,Moncada,10.46750031,40,3100,CWS@NYY,CWS,NYY,,,,,1,3B/UTIL,3B,10
59236-12434:Lorenzo Cain,59236-12434,OF,Lorenzo,Lorenzo Cain,Cain,9.172727411,22,3100,MIL@CIN,MIL,CIN,,,,,1,OF/UTIL,OF,13
59236-6292:Buster Posey,59236-6292,1B,Buster,Buster Posey,Posey,12.73928615,28,3100,LAD@SF,SF,LAD,,,,,1,C/1B/UTIL,C/1B,9
59236-84133:Franmil Reyes,59236-84133,OF,Franmil,Franmil Reyes,Reyes,11.51315789,38,3100,MIN@CLE,CLE,MIN,,,,,1,OF/UTIL,OF,12
59236-12940:Anthony Rizzo,59236-12940,1B,Anthony,Anthony Rizzo,Rizzo,9.785714286,42,3100,CHC@STL,CHC,STL,,,,,1,C/1B/UTIL,C/1B,10
59236-113309:Josh Rojas,59236-113309,2B/SS,Josh,Josh Rojas,Rojas,8.427500153,40,3100,ARI@COL,ARI,COL,,,,,1,2B/SS/UTIL,2B,17
59236-13266:Salvador Perez,59236-13266,C,Salvador,Salvador Perez,Perez,10.05476161,42,3100,DET@KC,KC,DET,,,,,1,C/1B/UTIL,C/1B,13
59236-38016:Jesus Aguilar,59236-38016,1B,Jesus,Jesus Aguilar,Aguilar,10.86829283,41,3100,NYM@MIA,MIA,NYM,,,,,1,C/1B/UTIL,C/1B,10
59236-21633:Eugenio Suarez,59236-21633,3B/SS,Eugenio,Eugenio Suarez,Suarez,9.253658388,41,3100,MIL@CIN,CIN,MIL,,,,,1,3B/SS/UTIL,3B,14
59236-79160:Alex Verdugo,59236-79160,OF,Alex,Alex Verdugo,Verdugo,10.58571443,42,3100,BOS@PHI,BOS,PHI,,,,,1,OF/UTIL,OF,5
59236-73023:Teoscar Hernandez,59236-73023,OF,Teoscar,Teoscar Hernandez,Hernandez,11.68461492,26,3100,TB@TOR,TOR,TB,,,,,1,OF/UTIL,OF,15
59236-38293:Tyler Naquin,59236-38293,OF,Tyler,Tyler Naquin,Naquin,10.75405389,37,3100,MIL@CIN,CIN,MIL,,,,,1,OF/UTIL,OF,14
59236-13966:Kyle Seager,59236-13966,3B,Kyle,Kyle Seager,Seager,9.94772755,44,3100,SEA@SD,SEA,SD,,,,,1,3B/UTIL,3B,9
59236-12113:Josh Donaldson,59236-12113,3B,Josh,Josh Donaldson,Donaldson,9.431249619,32,3100,MIN@CLE,MIN,CLE,,,,,1,3B/UTIL,3B,8
59236-102284:William Contreras,59236-102284,C,William,William Contreras,Contreras,12.16666667,15,3100,PIT@ATL,ATL,PIT,,,,,1,C/1B/UTIL,C/1B,12
59236-12302:Giancarlo Stanton,59236-12302,OF,Giancarlo,Giancarlo Stanton,Stanton,11.64242461,33,3000,CWS@NYY,NYY,CWS,IL,Quadriceps,,,1,OF/UTIL,OF,
59236-16952:Francisco Lindor,59236-16952,SS,Francisco,Francisco Lindor,Lindor,7.794444614,36,3000,NYM@MIA,NYM,MIA,,,,,1,SS/UTIL,SS,10
59236-82536:Cedric Mullins,59236-82536,OF,Cedric,Cedric Mullins,Mullins,10.43255828,43,3000,BAL@WSH,BAL,WSH,,,,,1,OF/UTIL,OF,1
59236-12928:Eric Hosmer,59236-12928,1B,Eric,Eric Hosmer,Hosmer,9.608333164,36,3000,SEA@SD,SD,SEA,,,,,1,C/1B/UTIL,C/1B,9
59236-17086:Marcell Ozuna,59236-17086,OF,Marcell,Marcell Ozuna,Ozuna,8.111363498,44,3000,PIT@ATL,ATL,PIT,,,,,1,OF/UTIL,OF,12
59236-17139:J.T. Realmuto,59236-17139,C,J.T.,J.T. Realmuto,Realmuto,9.762857492,35,3000,BOS@PHI,PHI,BOS,DTD,Hand,,,1,C/1B/UTIL,C/1B,10
59236-52164:Adalberto Mondesi,59236-52164,2B/SS,Adalberto,Adalberto Mondesi,Mondesi,10.77288094,59,3000,DET@KC,KC,DET,IL,Oblique,,,0,2B/SS/UTIL,2B,13
59236-54307:Elias Diaz,59236-54307,C,Elias,Elias Diaz,Diaz,3.108695652,23,3000,ARI@COL,COL,ARI,,,,,0,C/1B/UTIL,C/1B,15
59236-11322:Mike Moustakas,59236-11322,2B/3B,Mike,Mike Moustakas,Moustakas,8.910714286,28,3000,MIL@CIN,CIN,MIL,IL,Heel,,,0,2B/3B/UTIL,2B,14
59236-21612:Nick Ahmed,59236-21612,SS,Nick,Nick Ahmed,Ahmed,4.966666751,36,3000,ARI@COL,ARI,COL,,,,,1,SS/UTIL,SS,17
59236-21666:Mark Canha,59236-21666,OF,Mark,Mark Canha,Canha,11.41590881,44,3000,OAK@LAA,OAK,LAA,,,,,1,OF/UTIL,OF,15
59236-13516:Stephen Vogt,59236-13516,C,Stephen,Stephen Vogt,Vogt,6.755999756,25,3000,ARI@COL,ARI,COL,,,,,1,C/1B/UTIL,C/1B,17
59236-38117:Adam Duvall,59236-38117,OF,Adam,Adam Duvall,Duvall,9.461538462,39,3000,NYM@MIA,MIA,NYM,,,,,1,OF/UTIL,OF,10
59236-79092:Ian Happ,59236-79092,2B/OF,Ian,Ian Happ,Happ,8.509374619,32,3000,CHC@STL,CHC,STL,,,,,1,2B/OF/UTIL,2B,10
59236-13567:DJ LeMahieu,59236-13567,2B/3B,DJ,DJ LeMahieu,LeMahieu,9.442857288,42,3000,CWS@NYY,NYY,CWS,,,,,0,2B/3B/UTIL,2B,
59236-79170:Willie Calhoun,59236-79170,OF,Willie,Willie Calhoun,Calhoun,8.960714068,28,3000,HOU@TEX,TEX,HOU,,,,,1,OF/UTIL,OF,12
59236-38218:Christian Walker,59236-38218,1B,Christian,Christian Walker,Walker,6.935294207,17,3000,ARI@COL,ARI,COL,IL,Oblique,,,0,C/1B/UTIL,C/1B,17
59236-79188:Alex Kirilloff,59236-79188,OF,Alex,Alex Kirilloff,Kirilloff,11.59166718,12,3000,MIN@CLE,MIN,CLE,IL,Wrist,,,0,OF/UTIL,OF,8
59236-79216:Ke'Bryan Hayes,59236-79216,3B,Ke'Bryan,Ke'Bryan Hayes,Hayes,15.69999981,2,3000,PIT@ATL,PIT,ATL,IL,Wrist,,,0,3B/UTIL,3B,7
59236-21887:Willson Contreras,59236-21887,C,Willson,Willson Contreras,Contreras,10.22307724,39,3000,CHC@STL,CHC,STL,,,,,1,C/1B/UTIL,C/1B,10
59236-13706:Adam Eaton,59236-13706,OF,Adam,Adam Eaton,Eaton,9.694285366,35,3000,CWS@NYY,CWS,NYY,,,,,0,OF/UTIL,OF,10
59236-38321:Joey Gallo,59236-38321,OF,Joey,Joey Gallo,Gallo,9.538636641,44,3000,HOU@TEX,TEX,HOU,,,,,1,OF/UTIL,OF,12
59236-13792:Kike Hernandez,59236-13792,2B/OF,Kike,Kike Hernandez,Hernandez,9.587878603,33,3000,BOS@PHI,BOS,PHI,,,,,1,2B/OF/UTIL,2B,5
59236-13799:Matt Adams,59236-13799,1B,Matt,Matt Adams,Adams,1.266666651,12,3000,ARI@COL,COL,ARI,IL,Lower leg,,,0,C/1B/UTIL,C/1B,15
59236-38412:Corey Seager,59236-38412,SS,Corey,Corey Seager,Seager,10.78378378,37,3000,LAD@SF,LAD,SF,IL,Hand,,,0,SS/UTIL,SS,9
59236-101910:Connor Joe,59236-101910,OF,Connor,Connor Joe,Joe,5.915384733,13,3000,ARI@COL,COL,ARI,,,,,0,OF/UTIL,OF,15
59236-13924:Kole Calhoun,59236-13924,OF,Kole,Kole Calhoun,Calhoun,9.28461515,13,3000,ARI@COL,ARI,COL,IL,Hamstring,,,0,OF/UTIL,OF,17
59236-71507:Yuli Gurriel,59236-71507,1B,Yuli,Yuli Gurriel,Gurriel,12.47381011,42,3000,HOU@TEX,HOU,TEX,,,,,1,C/1B/UTIL,C/1B,12
59236-16950:Miguel Sano,59236-16950,1B,Miguel,Miguel Sano,Sano,9.599999564,28,2900,MIN@CLE,MIN,CLE,,,,,1,C/1B/UTIL,C/1B,8
59236-16981:Yan Gomes,59236-16981,C,Yan,Yan Gomes,Gomes,8.559259485,27,2900,BAL@WSH,WSH,BAL,,,,,1,C/1B/UTIL,C/1B,1
59236-12985:Avisail Garcia,59236-12985,OF,Avisail,Avisail Garcia,Garcia,9.45,40,2900,MIL@CIN,MIL,CIN,,,,,1,OF/UTIL,OF,13
59236-82620:Nick Solak,59236-82620,2B/OF,Nick,Nick Solak,Solak,10.4717394,46,2900,HOU@TEX,TEX,HOU,,,,,1,2B/OF/UTIL,2B,12
59236-13188:Jean Segura,59236-13188,2B/3B,Jean,Jean Segura,Segura,8.203448065,29,2900,BOS@PHI,PHI,BOS,,,,,1,2B/3B/UTIL,2B,10
59236-68544:Matt Chapman,59236-68544,3B,Matt,Matt Chapman,Chapman,8.286666531,45,2900,OAK@LAA,OAK,LAA,,,,,1,3B/UTIL,3B,15
59236-68547:Tyler O'Neill,59236-68547,OF,Tyler,Tyler O'Neill,O'Neill,10.50666707,30,2900,CHC@STL,STL,CHC,IL,Finger,,,0,OF/UTIL,OF,11
59236-80838:Luke Voit,59236-80838,1B,Luke,Luke Voit,Voit,6.987500191,8,2900,CWS@NYY,NYY,CWS,,,,,1,C/1B/UTIL,C/1B,
59236-68587:Ozzie Albies,59236-68587,2B,Ozzie,Ozzie Albies,Albies,9.604761759,42,2900,PIT@ATL,ATL,PIT,,,,,1,2B/UTIL,2B,12
59236-13303:Yasmani Grandal,59236-13303,C,Yasmani,Yasmani Grandal,Grandal,10.77586207,29,2900,CWS@NYY,CWS,NYY,,,,,1,C/1B/UTIL,C/1B,10
59236-13390:Miguel Rojas,59236-13390,SS,Miguel,Miguel Rojas,Rojas,10.60749969,40,2900,NYM@MIA,MIA,NYM,,,,,1,SS/UTIL,SS,10
59236-37983:Mike Zunino,59236-37983,C,Mike,Mike Zunino,Zunino,11.20714242,28,2900,TB@TOR,TB,TOR,,,,,0,C/1B/UTIL,C/1B,10
59236-70898:Adam Frazier,59236-70898,2B/OF,Adam,Adam Frazier,Frazier,10.49047634,42,2900,PIT@ATL,PIT,ATL,,,,,1,2B/OF/UTIL,2B,7
59236-79125:Kyle Tucker,59236-79125,OF,Kyle,Kyle Tucker,Tucker,10.67727245,44,2900,HOU@TEX,HOU,TEX,,,,,1,OF/UTIL,OF,12
59236-79165:Gavin Lux,59236-79165,2B/SS,Gavin,Gavin Lux,Lux,7.65882335,34,2900,LAD@SF,LAD,SF,,,,,0,2B/SS/UTIL,2B,9
59236-79230:Bryan Reynolds,59236-79230,OF,Bryan,Bryan Reynolds,Reynolds,10.43658522,41,2900,PIT@ATL,PIT,ATL,,,,,1,OF/UTIL,OF,7
59236-13854:Robbie Grossman,59236-13854,OF,Robbie,Robbie Grossman,Grossman,10.74285743,42,2900,DET@KC,DET,KC,,,,,1,OF/UTIL,OF,12
59236-53033:Mike Yastrzemski,59236-53033,OF,Mike,Mike Yastrzemski,Yastrzemski,9.791176291,34,2900,LAD@SF,SF,LAD,,,,,1,OF/UTIL,OF,9
59236-108450:Tommy Edman,59236-108450,2B/OF,Tommy,Tommy Edman,Edman,9.3697673,43,2900,CHC@STL,STL,CHC,,,,,1,2B/OF/UTIL,2B,11
59236-6197:Justin Upton,59236-6197,OF,Justin,Justin Upton,Upton,8.5,37,2800,OAK@LAA,LAA,OAK,,,,,1,OF/UTIL,OF,16
59236-6273:Michael Brantley,59236-6273,OF,Michael,Michael Brantley,Brantley,9.705262837,38,2800,HOU@TEX,HOU,TEX,,,,,1,OF/UTIL,OF,12
59236-16945:Gary Sanchez,59236-16945,C,Gary,Gary Sanchez,Sanchez,8.270000203,30,2800,CWS@NYY,NYY,CWS,,,,,1,C/1B/UTIL,C/1B,
59236-23107:Jorge Soler,59236-23107,OF,Jorge,Jorge Soler,Soler,7.995237805,42,2800,DET@KC,KC,DET,,,,,1,OF/UTIL,OF,13
59236-80462:Paul DeJong,59236-80462,SS,Paul,Paul DeJong,DeJong,9.088571603,35,2800,CHC@STL,STL,CHC,IL,Ribs,,,0,SS/UTIL,SS,11
59236-82611:Akil Baddoo,59236-82611,OF,Akil,Akil Baddoo,Baddoo,8.584375381,32,2800,DET@KC,DET,KC,,,,,0,OF/UTIL,OF,12
59236-52168:Colin Moran,59236-52168,1B/3B,Colin,Colin Moran,Moran,9.078125,32,2800,PIT@ATL,PIT,ATL,IL,Groin,,,0,C/1B/3B/UTIL,C/1B,7
59236-52178:Maikel Franco,59236-52178,3B,Maikel,Maikel Franco,Franco,7.367500305,40,2800,BAL@WSH,BAL,WSH,,,,,1,3B/UTIL,3B,1
59236-68563:Victor Robles,59236-68563,OF,Victor,Victor Robles,Robles,6.197435819,39,2800,BAL@WSH,WSH,BAL,DTD,Ankle,,,1,OF/UTIL,OF,1
59236-13354:Cesar Hernandez,59236-13354,2B,Cesar,Cesar Hernandez,Hernandez,8.2625,40,2800,MIN@CLE,CLE,MIN,,,,,1,2B/UTIL,2B,12
59236-54401:Manuel Margot,59236-54401,OF,Manuel,Manuel Margot,Margot,8.305000305,40,2800,TB@TOR,TB,TOR,,,,,1,OF/UTIL,OF,10
59236-79074:Austin Riley,59236-79074,3B,Austin,Austin Riley,Riley,8.695454684,44,2800,PIT@ATL,ATL,PIT,,,,,1,3B/UTIL,3B,12
59236-109803:Austin Nola,59236-109803,C,Austin,Austin Nola,Nola,8.114285605,14,2800,SEA@SD,SD,SEA,,,,,1,C/1B/UTIL,C/1B,9
59236-21874:Jorge Polanco,59236-21874,2B/SS,Jorge,Jorge Polanco,Polanco,8.882927127,41,2800,MIN@CLE,MIN,CLE,DTD,Ankle,,,1,2B/SS/UTIL,2B,8
59236-118187:Yermin Mercedes,59236-118187,C,Yermin,Yermin Mercedes,Mercedes,10.43421053,38,2800,CWS@NYY,CWS,NYY,,,,,1,C/1B/UTIL,C/1B,10
59236-13909:Randal Grichuk,59236-13909,OF,Randal,Randal Grichuk,Grichuk,10.28095209,42,2800,TB@TOR,TOR,TB,,,,,1,OF/UTIL,OF,15
59236-102370:Alec Bohm,59236-102370,1B/3B,Alec,Alec Bohm,Bohm,7.843181957,44,2800,BOS@PHI,PHI,BOS,,,,,1,C/1B/3B/UTIL,C/1B,10
59236-102398:Jarred Kelenic,59236-102398,OF,Jarred,Jarred Kelenic,Kelenic,8.414285932,7,2800,SEA@SD,SEA,SD,,,,,1,OF/UTIL,OF,9
59236-81924:Niko Goodrum,59236-81924,2B/SS,Niko,Niko Goodrum,Goodrum,9.079999651,35,2700,DET@KC,DET,KC,,,,,1,2B/SS/UTIL,2B,12
59236-53725:Renato Nunez,59236-53725,1B,Renato,Renato Nunez,Nunez,9.785714286,7,2700,DET@KC,DET,KC,,,,,0,C/1B/UTIL,C/1B,12
59236-119404:Nick Maton,59236-119404,SS/2B,Nick,Nick Maton,Maton,6.735714504,28,2700,BOS@PHI,PHI,BOS,,,,,1,2B/SS/UTIL,2B,10
59236-12961:Brandon Crawford,59236-12961,SS,Brandon,Brandon Crawford,Crawford,11.95945946,37,2700,LAD@SF,SF,LAD,,,,,1,SS/UTIL,SS,9
59236-82624:Sean Murphy,59236-82624,C,Sean,Sean Murphy,Murphy,8.010810646,37,2700,OAK@LAA,OAK,LAA,,,,,1,C/1B/UTIL,C/1B,15
59236-13102:Freddy Galvis,59236-13102,2B/SS,Freddy,Freddy Galvis,Galvis,8.326315629,38,2700,BAL@WSH,BAL,WSH,,,,,1,2B/SS/UTIL,2B,1
59236-52153:David Dahl,59236-52153,OF,David,David Dahl,Dahl,6.851282364,39,2700,HOU@TEX,TEX,HOU,,,,,1,OF/UTIL,OF,12
59236-17382:Gregory Polanco,59236-17382,OF,Gregory,Gregory Polanco,Polanco,8.072727088,33,2700,PIT@ATL,PIT,ATL,,,,,1,OF/UTIL,OF,7
59236-68588:Gleyber Torres,59236-68588,SS/2B,Gleyber,Gleyber Torres,Torres,7.582856968,35,2700,CWS@NYY,NYY,CWS,,,,,1,2B/SS/UTIL,2B,
59236-82977:Isiah Kiner-Falefa,59236-82977,3B/SS,Isiah,Isiah Kiner-Falefa,Kiner-Falefa,10.16521752,46,2700,HOU@TEX,TEX,HOU,,,,,1,3B/SS/UTIL,3B,12
59236-13430:Jonathan Villar,59236-13430,2B/3B/SS,Jonathan,Jonathan Villar,Villar,7.217646879,34,2700,NYM@MIA,NYM,MIA,,,,,1,2B/3B/SS/UTIL,2B,10
59236-79120:Yandy Diaz,59236-79120,1B/3B,Yandy,Yandy Diaz,Diaz,7.738095238,42,2700,TB@TOR,TB,TOR,,,,,1,C/1B/3B/UTIL,C/1B,10
59236-79234:Kyle Lewis,59236-79234,OF,Kyle,Kyle Lewis,Lewis,7.504000244,25,2700,SEA@SD,SEA,SD,,,,,1,OF/UTIL,OF,9
59236-38282:Daniel Vogelbach,59236-38282,1B,Daniel,Daniel Vogelbach,Vogelbach,5.0375,40,2700,MIL@CIN,MIL,CIN,,,,,1,C/1B/UTIL,C/1B,13
59236-79249:Harrison Bader,59236-79249,OF,Harrison,Harrison Bader,Bader,10.33888923,18,2700,CHC@STL,STL,CHC,,,,,1,OF/UTIL,OF,11
59236-71182:Jeimer Candelario,59236-71182,1B/3B,Jeimer,Jeimer Candelario,Candelario,8.846341761,41,2700,DET@KC,DET,KC,,,,,1,C/1B/3B/UTIL,C/1B,12
59236-102301:Nico Hoerner,59236-102301,2B/SS,Nico,Nico Hoerner,Hoerner,10.21764688,17,2700,CHC@STL,CHC,STL,,,,,1,2B/SS/UTIL,2B,10
59236-16947:Jonathan Schoop,59236-16947,2B,Jonathan,Jonathan Schoop,Schoop,6.469999695,40,2600,DET@KC,DET,KC,,,,,1,2B/UTIL,2B,12
59236-12900:Brandon Belt,59236-12900,1B,Brandon,Brandon Belt,Belt,9.618918754,37,2600,LAD@SF,SF,LAD,DTD,Side,,,1,C/1B/UTIL,C/1B,9
59236-68495:Andrew Benintendi,59236-68495,OF,Andrew,Andrew Benintendi,Benintendi,8.635897123,39,2600,DET@KC,KC,DET,,,,,1,OF/UTIL,OF,13
59236-68531:Brian Anderson,59236-68531,3B,Brian,Brian Anderson,Anderson,7.293548584,31,2600,NYM@MIA,MIA,NYM,,,,,1,3B/UTIL,3B,10
59236-52170:Dominic Smith,59236-52170,1B/OF,Dominic,Dominic Smith,Smith,6.680000087,35,2600,NYM@MIA,NYM,MIA,,,,,1,C/1B/OF/UTIL,C/1B,10
59236-5181:Yadier Molina,59236-5181,C,Yadier,Yadier Molina,Molina,10.63571385,28,2600,CHC@STL,STL,CHC,,,,,1,C/1B/UTIL,C/1B,11
59236-79082:Ryan Mountcastle,59236-79082,1B/OF,Ryan,Ryan Mountcastle,Mountcastle,6.752381098,42,2600,BAL@WSH,BAL,WSH,,,,,0,C/1B/OF/UTIL,C/1B,1
59236-83182:Eric Haase,59236-83182,C,Eric,Eric Haase,Haase,11.34999975,6,2600,DET@KC,DET,KC,,,,,0,C/1B/UTIL,C/1B,12
59236-71217:Omar Narvaez,59236-71217,C,Omar,Omar Narvaez,Narvaez,8.639285496,28,2600,MIL@CIN,MIL,CIN,,,,,1,C/1B/UTIL,C/1B,13
59236-102322:Nick Madrigal,59236-102322,2B,Nick,Nick Madrigal,Madrigal,8.480555216,36,2600,CWS@NYY,CWS,NYY,,,,,1,2B/UTIL,2B,10
59236-102439:Andrew Young,59236-102439,3B,Andrew,Andrew Young,Young,6.584999847,20,2500,ARI@COL,ARI,COL,,,,,0,3B/UTIL,3B,17
59236-102438:Geraldo Perdomo,59236-102438,SS,Geraldo,Geraldo Perdomo,Perdomo,3.799999952,4,2500,ARI@COL,ARI,COL,,,,,0,SS/UTIL,SS,17
59236-135288:Alan Trejo,59236-135288,SS,Alan,Alan Trejo,Trejo,2.834782476,23,2500,ARI@COL,COL,ARI,,,,,0,SS/UTIL,SS,15
59236-82251:Tim Locastro,59236-82251,OF,Tim,Tim Locastro,Locastro,5.582142966,28,2500,ARI@COL,ARI,COL,,,,,0,OF/UTIL,OF,17
59236-21074:Michael A. Taylor,59236-21074,OF,Michael A.,Michael A. Taylor,Taylor,7.513157895,38,2500,DET@KC,KC,DET,,,,,1,OF/UTIL,OF,13
59236-82533:Daulton Varsho,59236-82533,OF,Daulton,Daulton Varsho,Varsho,3.470588235,17,2500,ARI@COL,ARI,COL,,,,,0,OF/UTIL,OF,17
59236-12919:Jose Iglesias,59236-12919,SS,Jose,Jose Iglesias,Iglesias,6.984999847,40,2500,OAK@LAA,LAA,OAK,,,,,1,SS/UTIL,SS,16
59236-17097:Brandon Nimmo,59236-17097,OF,Brandon,Brandon Nimmo,Nimmo,8.971428281,21,2500,NYM@MIA,NYM,MIA,IL,Finger,,,0,OF/UTIL,OF,10
59236-146160:Ha-Seong Kim,59236-146160,2B/SS,Ha-Seong,Ha-Seong Kim,Kim,5.24571446,35,2500,SEA@SD,SD,SEA,,,,,0,2B/SS/UTIL,2B,9
59236-17198:Tommy La Stella,59236-17198,2B/3B,Tommy,Tommy La Stella,La Stella,5.324000244,25,2500,LAD@SF,SF,LAD,IL,Hamstring,,,0,2B/3B/UTIL,2B,9
59236-68525:J.D. Davis,59236-68525,3B/OF,J.D.,J.D. Davis,Davis,9.75,14,2500,NYM@MIA,NYM,MIA,IL,Finger,,,0,3B/OF/UTIL,3B,10
59236-5062:Ryan Zimmerman,59236-5062,1B,Ryan,Ryan Zimmerman,Zimmerman,7.484000244,25,2500,BAL@WSH,WSH,BAL,,,,,0,C/1B/UTIL,C/1B,1
59236-68582:Brendan Rodgers,59236-68582,2B,Brendan,Brendan Rodgers,Rodgers,2.742857252,7,2500,ARI@COL,COL,ARI,IL,Hamstring,,,0,2B/UTIL,2B,15
59236-68586:Dansby Swanson,59236-68586,SS,Dansby,Dansby Swanson,Swanson,8.027273005,44,2500,PIT@ATL,ATL,PIT,,,,,1,SS/UTIL,SS,12
59236-70665:Jacob Stallings,59236-70665,C,Jacob,Jacob Stallings,Stallings,8.879411585,34,2500,PIT@ATL,PIT,ATL,,,,,1,C/1B/UTIL,C/1B,7
59236-5177:Albert Pujols,59236-5177,1B,Albert,Albert Pujols,Pujols,8.178571429,28,2500,LAD@SF,LAD,SF,,,,,0,C/1B/UTIL,C/1B,9
59236-79070:Domingo Leyba,59236-79070,SS,Domingo,Domingo Leyba,Leyba,0.6,5,2500,ARI@COL,ARI,COL,,,,,0,SS/UTIL,SS,17
59236-38112:Gio Urshela,59236-38112,3B,Gio,Gio Urshela,Urshela,8.892105103,38,2500,CWS@NYY,NYY,CWS,,,,,1,3B/UTIL,3B,
59236-60642:Michael Conforto,59236-60642,OF,Michael,Michael Conforto,Conforto,7.803030303,33,2500,NYM@MIA,NYM,MIA,IL,Hamstring,,,0,OF/UTIL,OF,10
59236-79087:Michael Chavis,59236-79087,1B/2B,Michael,Michael Chavis,Chavis,9.675000191,8,2500,BOS@PHI,BOS,PHI,,,,,0,C/1B/2B/UTIL,C/1B,5
59236-83195:Yonathan Daza,59236-83195,OF,Yonathan,Yonathan Daza,Daza,5.683783866,37,2500,ARI@COL,COL,ARI,,,,,0,OF/UTIL,OF,15
59236-85277:Cavan Biggio,59236-85277,2B/3B,Cavan,Cavan Biggio,Biggio,7.323683889,38,2500,TB@TOR,TOR,TB,,,,,1,2B/3B/UTIL,2B,15
59236-85285:Nate Lowe,59236-85285,1B,Nate,Nate Lowe,Lowe,10.15217391,46,2500,HOU@TEX,TEX,HOU,,,,,1,C/1B/UTIL,C/1B,12
59236-79151:Taylor Ward,59236-79151,3B,Taylor,Taylor Ward,Ward,8.225000381,16,2500,OAK@LAA,LAA,OAK,,,,,1,3B/UTIL,3B,16
59236-38196:Jake Lamb,59236-38196,1B/3B,Jake,Jake Lamb,Lamb,6.82857132,14,2500,CWS@NYY,CWS,NYY,,,,,0,C/1B/3B/UTIL,C/1B,10
59236-85307:Jeff McNeil,59236-85307,2B/3B,Jeff,Jeff McNeil,McNeil,7.374193745,31,2500,NYM@MIA,NYM,MIA,IL,Hamstring,,,0,2B/3B/UTIL,2B,10
59236-5488:Joey Votto,59236-5488,1B,Joey,Joey Votto,Votto,8.941378889,29,2500,MIL@CIN,CIN,MIL,IL,Thumb,,,0,C/1B/UTIL,C/1B,14
59236-101753:Dylan Moore,59236-101753,2B/OF,Dylan,Dylan Moore,Moore,8.202438727,41,2500,SEA@SD,SEA,SD,IL,Calf,,,0,2B/OF/UTIL,2B,9
59236-118193:Nick Heath,59236-118193,OF,Nick,Nick Heath,Heath,3.315384498,13,2500,ARI@COL,ARI,COL,,,,,0,OF/UTIL,OF,17
59236-101811:Sam Hilliard,59236-101811,OF,Sam,Sam Hilliard,Hilliard,3.759999847,20,2500,ARI@COL,COL,ARI,,,,,0,OF/UTIL,OF,15
59236-101842:Ty France,59236-101842,2B/3B,Ty,Ty France,France,8.816216546,37,2500,SEA@SD,SEA,SD,IL,Wrist,,,0,2B/3B/UTIL,2B,9
59236-5607:Evan Longoria,59236-5607,3B,Evan,Evan Longoria,Longoria,8.782051282,39,2500,LAD@SF,SF,LAD,,,,,1,3B/UTIL,3B,9
59236-13841:Didi Gregorius,59236-13841,SS,Didi,Didi Gregorius,Gregorius,8.28125,32,2500,BOS@PHI,PHI,BOS,IL,Elbow,,,0,SS/UTIL,SS,10
59236-13864:Joc Pederson,59236-13864,OF,Joc,Joc Pederson,Pederson,7.268965622,29,2500,CHC@STL,CHC,STL,,,,,1,OF/UTIL,OF,10
59236-104085:Josh VanMeter,59236-104085,2B,Josh,Josh VanMeter,VanMeter,3.914285714,35,2500,ARI@COL,ARI,COL,,,,,1,2B/UTIL,2B,17
59236-38571:Travis Shaw,59236-38571,1B/3B,Travis,Travis Shaw,Shaw,8.292307536,39,2500,MIL@CIN,MIL,CIN,,,,,1,C/1B/3B/UTIL,C/1B,13
59236-79776:Dom Nunez,59236-79776,C,Dom,Dom Nunez,Nunez,8.28666687,30,2500,ARI@COL,COL,ARI,,,,,1,C/1B/UTIL,C/1B,15
59236-116866:Danny Mendick,59236-116866,2B,Danny,Danny Mendick,Mendick,7.300000191,16,2400,CWS@NYY,CWS,NYY,,,,,1,2B/UTIL,2B,10
59236-12462:Mitch Moreland,59236-12462,1B,Mitch,Mitch Moreland,Moreland,7.47419345,31,2400,OAK@LAA,OAK,LAA,IL,Ribs,,,0,C/1B/UTIL,C/1B,15
59236-72261:Guillermo Heredia,59236-72261,OF,Guillermo,Guillermo Heredia,Heredia,9.838889228,18,2400,PIT@ATL,ATL,PIT,,,,,1,OF/UTIL,OF,12
59236-17014:Andrelton Simmons,59236-17014,SS,Andrelton,Andrelton Simmons,Simmons,7.019355036,31,2400,MIN@CLE,MIN,CLE,,,,,1,SS/UTIL,SS,8
59236-12970:AJ Pollock,59236-12970,OF,AJ,AJ Pollock,Pollock,8.315625191,32,2400,LAD@SF,LAD,SF,IL,Hamstring,,,0,OF/UTIL,OF,9
59236-54068:Hunter Renfroe,59236-54068,OF,Hunter,Hunter Renfroe,Renfroe,8.030555725,36,2400,BOS@PHI,BOS,PHI,,,,,0,OF/UTIL,OF,5
59236-11129:Jason Heyward,59236-11129,OF,Jason,Jason Heyward,Heyward,7.08974359,39,2400,CHC@STL,CHC,STL,IL,Hamstring,,,0,OF/UTIL,OF,10
59236-68533:Brett Phillips,59236-68533,OF,Brett,Brett Phillips,Phillips,7.045454545,33,2400,TB@TOR,TB,TOR,,,,,0,OF/UTIL,OF,10
59236-21637:Jackie Bradley Jr.,59236-21637,OF,Jackie,Jackie Bradley Jr.,Bradley Jr.,6.421052632,38,2400,MIL@CIN,MIL,CIN,,,,,0,OF/UTIL,OF,13
59236-81046:Garrett Cooper,59236-81046,1B/OF,Garrett,Garrett Cooper,Cooper,6.6435899,39,2400,NYM@MIA,MIA,NYM,,,,,0,C/1B/OF/UTIL,C/1B,10
59236-38040:Eddie Rosario,59236-38040,OF,Eddie,Eddie Rosario,Rosario,8.269230769,39,2400,MIN@CLE,CLE,MIN,,,,,1,OF/UTIL,OF,12
59236-13487:Tommy Pham,59236-13487,OF,Tommy,Tommy Pham,Pham,5.346341389,41,2400,SEA@SD,SD,SEA,,,,,1,OF/UTIL,OF,9
59236-79108:Nick Senzel,59236-79108,2B/OF,Nick,Nick Senzel,Senzel,6.808333503,36,2400,MIL@CIN,CIN,MIL,DTD,Knee,,,1,2B/OF/UTIL,2B,14
59236-85274:DJ Stewart,59236-85274,OF,DJ,DJ Stewart,Stewart,6.722580448,31,2400,BAL@WSH,BAL,WSH,,,,,0,OF/UTIL,OF,1
59236-79156:David Fletcher,59236-79156,2B/SS,David,David Fletcher,Fletcher,7.252500153,40,2400,OAK@LAA,LAA,OAK,,,,,1,2B/SS/UTIL,2B,16
59236-79218:Kevin Newman,59236-79218,2B/SS,Kevin,Kevin Newman,Newman,5.422499847,40,2400,PIT@ATL,PIT,ATL,,,,,1,2B/SS/UTIL,2B,7
59236-79223:Josh Naylor,59236-79223,1B/OF,Josh,Josh Naylor,Naylor,7.918420892,38,2400,MIN@CLE,CLE,MIN,,,,,1,C/1B/OF/UTIL,C/1B,12
59236-13858:Christian Vazquez,59236-13858,C,Christian,Christian Vazquez,Vazquez,8.3375,40,2400,BOS@PHI,BOS,PHI,,,,,1,C/1B/UTIL,C/1B,5
59236-79400:Dylan Carlson,59236-79400,OF,Dylan,Dylan Carlson,Carlson,9.400000284,43,2400,CHC@STL,STL,CHC,,,,,1,OF/UTIL,OF,11
59236-12168:Starlin Castro,59236-12168,2B,Starlin,Starlin Castro,Castro,7.227500153,40,2400,BAL@WSH,WSH,BAL,,,,,1,2B/UTIL,2B,1
59236-102308:Jonathan India,59236-102308,2B/3B,Jonathan,Jonathan India,India,8.120588415,34,2400,MIL@CIN,CIN,MIL,,,,,1,2B/3B/UTIL,2B,14
59236-38952:Alex Dickerson,59236-38952,OF,Alex,Alex Dickerson,Dickerson,6.482856968,35,2300,LAD@SF,SF,LAD,,,,,1,OF/UTIL,OF,9
59236-102453:Zack Short,59236-102453,SS,Zack,Zack Short,Short,4.5,2,2300,DET@KC,DET,KC,,,,,0,SS/UTIL,SS,12
59236-38973:Tyrone Taylor,59236-38973,OF,Tyrone,Tyrone Taylor,Taylor,5.67142868,28,2300,MIL@CIN,MIL,CIN,,,,,0,OF/UTIL,OF,13
59236-104511:Kyle Garlick,59236-104511,OF,Kyle,Kyle Garlick,Garlick,5.40833346,24,2300,MIN@CLE,MIN,CLE,,,,,0,OF/UTIL,OF,8
59236-65991:Pedro Severino,59236-65991,C,Pedro,Pedro Severino,Severino,5.565625191,32,2300,BAL@WSH,BAL,WSH,,,,,1,C/1B/UTIL,C/1B,1
59236-82555:Willi Castro,59236-82555,3B/SS,Willi,Willi Castro,Castro,6.742857143,35,2300,DET@KC,DET,KC,DTD,Elbow,,,1,3B/SS/UTIL,3B,12
59236-12931:Wil Myers,59236-12931,OF,Wil,Wil Myers,Myers,8.528571429,35,2300,SEA@SD,SD,SEA,IL,Illness,,,0,OF/UTIL,OF,9
59236-84655:Stevie Wilkerson,59236-84655,OF,Stevie,Stevie Wilkerson,Wilkerson,6.299999873,3,2300,BAL@WSH,BAL,WSH,,,,,1,OF/UTIL,OF,1
59236-17167:Brad Miller,59236-17167,1B,Brad,Brad Miller,Miller,6.309374809,32,2300,BOS@PHI,PHI,BOS,,,,,0,C/1B/UTIL,C/1B,10
59236-13209:Manny Pina,59236-13209,C,Manny,Manny Pina,Pina,6.588235294,17,2300,MIL@CIN,MIL,CIN,,,,,0,C/1B/UTIL,C/1B,13
59236-13262:Jurickson Profar,59236-13262,2B/OF,Jurickson,Jurickson Profar,Profar,7.699999835,37,2300,SEA@SD,SD,SEA,,,,,1,2B/OF/UTIL,2B,9
59236-80847:Mike Tauchman,59236-80847,OF,Mike,Mike Tauchman,Tauchman,6.920000203,30,2300,LAD@SF,SF,LAD,,,,,1,OF/UTIL,OF,9
59236-13304:Tucker Barnhart,59236-13304,C,Tucker,Tucker Barnhart,Barnhart,8.25882317,34,2300,MIL@CIN,CIN,MIL,,,,,1,C/1B/UTIL,C/1B,14
59236-5118:Miguel Cabrera,59236-5118,1B,Miguel,Miguel Cabrera,Cabrera,6.12962963,27,2300,DET@KC,DET,KC,,,,,1,C/1B/UTIL,C/1B,12
59236-13378:Leury Garcia,59236-13378,2B/SS,Leury,Leury Garcia,Garcia,7.40882335,34,2300,CWS@NYY,CWS,NYY,,,,,1,2B/SS/UTIL,2B,10
59236-38074:Corey Dickerson,59236-38074,OF,Corey,Corey Dickerson,Dickerson,7.475,40,2300,NYM@MIA,MIA,NYM,,,,,1,OF/UTIL,OF,10
59236-85249:Bobby Dalbec,59236-85249,1B/3B,Bobby,Bobby Dalbec,Dalbec,8.045946276,37,2300,BOS@PHI,BOS,PHI,,,,,1,C/1B/3B/UTIL,C/1B,5
59236-38297:Austin Barnes,59236-38297,C,Austin,Austin Barnes,Barnes,5.834782476,23,2300,LAD@SF,LAD,SF,,,,,0,C/1B/UTIL,C/1B,9
59236-79272:Lourdes Gurriel Jr.,59236-79272,OF,Lourdes,Lourdes Gurriel Jr.,Gurriel Jr.,6.221052471,38,2300,TB@TOR,TOR,TB,DTD,Knee,,,1,OF/UTIL,OF,15
59236-101827:Luis Arraez,59236-101827,2B,Luis,Luis Arraez,Arraez,7.955555386,36,2300,MIN@CLE,MIN,CLE,,,,,1,2B/UTIL,2B,8
59236-81506:Jordan Luplow,59236-81506,OF,Jordan,Jordan Luplow,Luplow,8.856667074,30,2300,MIN@CLE,CLE,MIN,DTD,Ankle,,,0,OF/UTIL,OF,12
59236-6029:Jed Lowrie,59236-6029,2B,Jed,Jed Lowrie,Lowrie,8.585714431,42,2300,OAK@LAA,OAK,LAA,,,,,1,2B/UTIL,2B,15
59236-79918:Kyle Higashioka,59236-79918,C,Kyle,Kyle Higashioka,Higashioka,8.045454545,22,2200,CWS@NYY,NYY,CWS,,,,,1,C/1B/UTIL,C/1B,
59236-53476:Scott Schebler,59236-53476,OF,Scott,Scott Schebler,Schebler,2.490909056,11,2200,OAK@LAA,LAA,OAK,,,,,0,OF/UTIL,OF,16
59236-82414:Victor Reyes,59236-82414,OF,Victor,Victor Reyes,Reyes,4.414285569,21,2200,DET@KC,DET,KC,,,,,0,OF/UTIL,OF,12
59236-80485:Austin Slater,59236-80485,OF,Austin,Austin Slater,Slater,7.374359131,39,2200,LAD@SF,SF,LAD,,,,,0,OF/UTIL,OF,9
59236-119495:Andrew Vaughn,59236-119495,1B/OF,Andrew,Andrew Vaughn,Vaughn,7.553124905,32,2200,CWS@NYY,CWS,NYY,,,,,1,C/1B/OF/UTIL,C/1B,10
59236-53993:Harold Ramirez,59236-53993,OF,Harold,Harold Ramirez,Ramirez,6.446666463,15,2200,MIN@CLE,CLE,MIN,,,,,1,OF/UTIL,OF,12
59236-54049:Aledmys Diaz,59236-54049,2B,Aledmys,Aledmys Diaz,Diaz,7.52,25,2200,HOU@TEX,HOU,TEX,,,,,0,2B/UTIL,2B,12
59236-68481:Roman Quinn,59236-68481,OF,Roman,Roman Quinn,Quinn,4.46666654,24,2200,BOS@PHI,PHI,BOS,IL,Finger,,,0,OF/UTIL,OF,10
59236-82824:Mike Ford,59236-82824,1B,Mike,Mike Ford,Ford,5.333333333,18,2200,CWS@NYY,NYY,CWS,,,,,0,C/1B/UTIL,C/1B,
59236-52150:Clint Frazier,59236-52150,OF,Clint,Clint Frazier,Frazier,5.908333249,36,2200,CWS@NYY,NYY,CWS,DTD,Neck,,,1,OF/UTIL,OF,
59236-52162:Hunter Dozier,59236-52162,3B/OF,Hunter,Hunter Dozier,Dozier,7,33,2200,DET@KC,KC,DET,IL,Concussion,,,0,3B/OF/UTIL,3B,13
59236-80848:Victor Caratini,59236-80848,C,Victor,Victor Caratini,Caratini,8.016129032,31,2200,SEA@SD,SD,SEA,,,,,0,C/1B/UTIL,C/1B,9
59236-97257:Myles Straw,59236-97257,OF,Myles,Myles Straw,Straw,7.114285424,42,2200,HOU@TEX,HOU,TEX,,,,,1,OF/UTIL,OF,12
59236-21584:Rougned Odor,59236-21584,2B/3B,Rougned,Rougned Odor,Odor,8.20476205,21,2200,CWS@NYY,NYY,CWS,,,,,0,2B/3B/UTIL,2B,
59236-83051:David Bote,59236-83051,2B/3B,David,David Bote,Bote,6.131707168,41,2200,CHC@STL,CHC,STL,,,,,0,2B/3B/UTIL,2B,10
59236-13422:Jake Marisnick,59236-13422,OF,Jake,Jake Marisnick,Marisnick,8.007407294,27,2200,CHC@STL,CHC,STL,IL,Hamstring,,,0,OF/UTIL,OF,10
59236-60641:Nick Gordon,59236-60641,2B,Nick,Nick Gordon,Gordon,18,1,2200,MIN@CLE,MIN,CLE,,,,,0,2B/UTIL,2B,8
59236-60655:Willy Adames,59236-60655,SS,Willy,Willy Adames,Adames,6.992683225,41,2200,TB@TOR,TB,TOR,,,,,1,SS/UTIL,SS,10
59236-79113:Francisco Mejia,59236-79113,C,Francisco,Francisco Mejia,Mejia,6.454545455,22,2200,TB@TOR,TB,TOR,,,,,1,C/1B/UTIL,C/1B,10
59236-21797:Jose Peraza,59236-21797,2B/OF,Jose,Jose Peraza,Peraza,5.584615267,13,2200,NYM@MIA,NYM,MIA,,,,,1,2B/OF/UTIL,2B,10
59236-13638:Wilmer Flores,59236-13638,1B/2B,Wilmer,Wilmer Flores,Flores,5.79523795,42,2200,LAD@SF,SF,LAD,IL,Hamstring,,,0,C/1B/2B/UTIL,C/1B,9
59236-79225:Luis Urias,59236-79225,3B/SS,Luis,Luis Urias,Urias,7.441025954,39,2200,MIL@CIN,MIL,CIN,,,,,1,3B/SS/UTIL,3B,13
59236-13691:Ender Inciarte,59236-13691,OF,Ender,Ender Inciarte,Inciarte,3.553333282,15,2200,PIT@ATL,ATL,PIT,,,,,0,OF/UTIL,OF,12
59236-13694:Marwin Gonzalez,59236-13694,1B/2B,Marwin,Marwin Gonzalez,Gonzalez,6.828947368,38,2200,BOS@PHI,BOS,PHI,,,,,1,C/1B/2B/UTIL,C/1B,5
59236-79231:Will Craig,59236-79231,3B,Will,Will Craig,Craig,5.728571211,7,2200,PIT@ATL,PIT,ATL,,,,,1,3B/UTIL,3B,7
59236-79238:Steven Duggar,59236-79238,OF,Steven,Steven Duggar,Duggar,6.60000008,19,2200,LAD@SF,SF,LAD,,,,,0,OF/UTIL,OF,9
59236-38299:Kevin Pillar,59236-38299,OF,Kevin,Kevin Pillar,Pillar,6.428571429,28,2200,NYM@MIA,NYM,MIA,IL,Nose,,,0,OF/UTIL,OF,10
59236-79277:Rowdy Tellez,59236-79277,1B,Rowdy,Rowdy Tellez,Tellez,4.570370427,27,2200,TB@TOR,TOR,TB,DTD,Hamstring,,,1,C/1B/UTIL,C/1B,15
59236-38319:Odubel Herrera,59236-38319,OF,Odubel,Odubel Herrera,Herrera,7.234782343,23,2200,BOS@PHI,PHI,BOS,,,,,1,OF/UTIL,OF,10
59236-101820:Matt Beaty,59236-101820,1B/OF,Matt,Matt Beaty,Beaty,5.962500095,32,2200,LAD@SF,LAD,SF,,,,,1,C/1B/OF/UTIL,C/1B,9
59236-14000:Darin Ruf,59236-14000,OF,Darin,Darin Ruf,Ruf,7.471052471,38,2200,LAD@SF,SF,LAD,,,,,0,OF/UTIL,OF,9
59236-79785:Jose Marmolejos,59236-79785,1B/OF,Jose,Jose Marmolejos,Marmolejos,5.325806649,31,2200,SEA@SD,SEA,SD,,,,,0,C/1B/OF/UTIL,C/1B,9
59236-135216:Chas McCormick,59236-135216,OF,Chas,Chas McCormick,McCormick,5.945454684,22,2100,HOU@TEX,HOU,TEX,,,,,0,OF/UTIL,OF,12
59236-135239:Rodolfo Castro,59236-135239,SS,Rodolfo,Rodolfo Castro,Castro,0,1,2100,PIT@ATL,PIT,ATL,,,,,0,SS/UTIL,SS,7
59236-82021:Tomas Nido,59236-82021,C,Tomas,Tomas Nido,Nido,7.493333435,15,2100,NYM@MIA,NYM,MIA,,,,,0,C/1B/UTIL,C/1B,10
59236-135310:Chadwick Tromp,59236-135310,C,Chadwick,Chadwick Tromp,Tromp,6.299999873,24,2100,LAD@SF,SF,LAD,,,,,0,C/1B/UTIL,C/1B,9
59236-53757:Rob Refsnyder,59236-53757,2B,Rob,Rob Refsnyder,Refsnyder,6.28333346,6,2100,MIN@CLE,MIN,CLE,,,,,0,2B/UTIL,2B,8
59236-12863:Todd Frazier,59236-12863,1B/3B,Todd,Todd Frazier,Frazier,3.892307575,13,2100,PIT@ATL,PIT,ATL,,,,,0,C/1B/3B/UTIL,C/1B,7
59236-53844:Matt Duffy,59236-53844,3B,Matt,Matt Duffy,Duffy,6.735135053,37,2100,CHC@STL,CHC,STL,,,,,1,3B/UTIL,3B,10
59236-119439:Sam Huff,59236-119439,C,Sam,Sam Huff,Huff,10.5,10,2100,HOU@TEX,TEX,HOU,IL,Knee,,,0,C/1B/UTIL,C/1B,12
59236-119444:Alejandro Kirk,59236-119444,C,Alejandro,Alejandro Kirk,Kirk,7.376470678,17,2100,TB@TOR,TOR,TB,IL,Hip,,,0,C/1B/UTIL,C/1B,15
59236-13034:Charlie Culberson,59236-13034,SS/OF,Charlie,Charlie Culberson,Culberson,6.690625191,32,2100,HOU@TEX,TEX,HOU,,,,,1,SS/OF/UTIL,SS,12
59236-13152:Matt Carpenter,59236-13152,1B/3B,Matt,Matt Carpenter,Carpenter,3.799999839,38,2100,CHC@STL,STL,CHC,,,,,0,C/1B/3B/UTIL,C/1B,11
59236-101276:Jon Berti,59236-101276,2B/3B,Jon,Jon Berti,Berti,5.62631587,38,2100,NYM@MIA,MIA,NYM,,,,,0,2B/3B/UTIL,2B,10
59236-68537:Tyler Wade,59236-68537,2B/SS,Tyler,Tyler Wade,Wade,2.174074102,27,2100,CWS@NYY,NYY,CWS,,,,,0,2B/SS/UTIL,2B,
59236-52157:Tom Murphy,59236-52157,C,Tom,Tom Murphy,Murphy,5.472000122,25,2100,SEA@SD,SEA,SD,,,,,1,C/1B/UTIL,C/1B,9
59236-52161:Rio Ruiz,59236-52161,2B/3B,Rio,Rio Ruiz,Ruiz,5.5,32,2100,BAL@WSH,BAL,WSH,,,,,0,2B/3B/UTIL,2B,1
59236-52179:J.P. Crawford,59236-52179,SS,J.P.,J.P. Crawford,Crawford,6.718181957,44,2100,SEA@SD,SEA,SD,,,,,1,SS/UTIL,SS,9
59236-80852:Ildemaro Vargas,59236-80852,2B,Ildemaro,Ildemaro Vargas,Vargas,4.827272589,11,2100,PIT@ATL,PIT,ATL,,,,,0,2B/UTIL,2B,7
59236-68589:Amed Rosario,59236-68589,SS/OF,Amed,Amed Rosario,Rosario,7.047222137,36,2100,MIN@CLE,CLE,MIN,,,,,1,SS/OF/UTIL,SS,12
59236-5122:Alex Avila,59236-5122,C,Alex,Alex Avila,Avila,5.85,10,2100,BAL@WSH,WSH,BAL,,,,,0,C/1B/UTIL,C/1B,1
59236-97291:Harold Castro,59236-97291,2B,Harold,Harold Castro,Castro,5.52,25,2100,DET@KC,DET,KC,,,,,0,2B/UTIL,2B,12
59236-11344:Jason Castro,59236-11344,C,Jason,Jason Castro,Castro,7.450000339,18,2100,HOU@TEX,HOU,TEX,,,,,0,C/1B/UTIL,C/1B,12
59236-13535:Ehire Adrianza,59236-13535,2B/SS,Ehire,Ehire Adrianza,Adrianza,5.451514967,33,2100,PIT@ATL,ATL,PIT,,,,,0,2B/SS/UTIL,2B,12
59236-83173:Jose Trevino,59236-83173,C,Jose,Jose Trevino,Trevino,4.912903324,31,2100,HOU@TEX,TEX,HOU,,,,,1,C/1B/UTIL,C/1B,12
59236-79104:Zack Collins,59236-79104,C,Zack,Zack Collins,Collins,6.819999695,20,2100,CWS@NYY,CWS,NYY,,,,,0,C/1B/UTIL,C/1B,10
59236-79138:Jonathan Arauz,59236-79138,2B,Jonathan,Jonathan Arauz,Arauz,6.224999905,4,2100,BOS@PHI,BOS,PHI,,,,,0,2B/UTIL,2B,5
59236-79173:Corey Ray,59236-79173,OF,Corey,Corey Ray,Ray,6.199999809,1,2100,MIL@CIN,MIL,CIN,,,,,0,OF/UTIL,OF,13
59236-79195:Miguel Andujar,59236-79195,3B/OF,Miguel,Miguel Andujar,Andujar,3.429999924,10,2100,CWS@NYY,NYY,CWS,,,,,0,3B/OF/UTIL,3B,
59236-38252:Stephen Piscotty,59236-38252,OF,Stephen,Stephen Piscotty,Piscotty,6.115151608,33,2100,OAK@LAA,OAK,LAA,,,,,1,OF/UTIL,OF,15
59236-79255:Jake Bauers,59236-79255,1B,Jake,Jake Bauers,Bauers,4.121212121,33,2100,MIN@CLE,CLE,MIN,,,,,1,C/1B/UTIL,C/1B,12
59236-79278:Sheldon Neuse,59236-79278,2B/3B,Sheldon,Sheldon Neuse,Neuse,3.386363636,22,2100,LAD@SF,LAD,SF,,,,,1,2B/3B/UTIL,2B,9
59236-101833:Luis Barrera,59236-101833,OF,Luis,Luis Barrera,Barrera,0,2,2100,OAK@LAA,OAK,LAA,,,,,0,OF/UTIL,OF,15
59236-81511:Kyle Farmer,59236-81511,2B/SS,Kyle,Kyle Farmer,Farmer,5.042499924,40,2100,MIL@CIN,CIN,MIL,,,,,1,2B/SS/UTIL,2B,14
59236-11989:Jon Jay,59236-11989,OF,Jon,Jon Jay,Jay,4.979999924,5,2100,OAK@LAA,LAA,OAK,,,,,0,OF/UTIL,OF,16
59236-14038:Khris Davis,59236-14038,OF,Khris,Khris Davis,Davis,3.372727134,11,2100,HOU@TEX,TEX,HOU,,,,,0,OF/UTIL,OF,12
59236-116450:Seth Brown,59236-116450,1B,Seth,Seth Brown,Brown,7.018182003,33,2100,OAK@LAA,OAK,LAA,,,,,1,C/1B/UTIL,C/1B,15
59236-5948:Brett Gardner,59236-5948,OF,Brett,Brett Gardner,Gardner,4.332353031,34,2100,CWS@NYY,NYY,CWS,,,,,1,OF/UTIL,OF,
59236-110404:Mike Brosseau,59236-110404,2B/3B,Mike,Mike Brosseau,Brosseau,5.878125191,32,2100,TB@TOR,TB,TOR,,,,,1,2B/3B/UTIL,2B,10
59236-12123:Wilson Ramos,59236-12123,C,Wilson,Wilson Ramos,Ramos,7.099999905,32,2100,DET@KC,DET,KC,,,,,1,C/1B/UTIL,C/1B,12
59236-6047:Cameron Maybin,59236-6047,OF,Cameron,Cameron Maybin,Maybin,6,1,2100,NYM@MIA,NYM,MIA,,,,,0,OF/UTIL,OF,10
59236-102331:Nicky Lopez,59236-102331,2B/SS,Nicky,Nicky Lopez,Lopez,6.629267995,41,2100,DET@KC,KC,DET,,,,,1,2B/SS/UTIL,2B,13
59236-102341:DJ Peters,59236-102341,OF,DJ,DJ Peters,Peters,3.383333206,12,2100,LAD@SF,LAD,SF,,,,,1,OF/UTIL,OF,9
59236-102411:Andrew Knizner,59236-102411,C,Andrew,Andrew Knizner,Knizner,4.331818321,22,2000,CHC@STL,STL,CHC,,,,,0,C/1B/UTIL,C/1B,11
59236-79884:Anthony Santander,59236-79884,OF,Anthony,Anthony Santander,Santander,6.6875,16,2000,BAL@WSH,BAL,WSH,IL,Ankle,,,1,OF/UTIL,OF,1
59236-102417:Anderson Tejeda,59236-102417,SS,Anderson,Anderson Tejeda,Tejeda,3.039999962,5,2000,HOU@TEX,TEX,HOU,,,,,0,SS/UTIL,SS,12
59236-102418:Eli White,59236-102418,2B,Eli,Eli White,White,3.527272658,22,2000,HOU@TEX,TEX,HOU,,,,,0,2B/UTIL,2B,12
59236-79896:Luis Torrens,59236-79896,C,Luis,Luis Torrens,Torrens,4.806896341,29,2000,SEA@SD,SEA,SD,,,,,0,C/1B/UTIL,C/1B,9
59236-135195:Sebastian Rivero,59236-135195,C,Sebastian,Sebastian Rivero,Rivero,1.600000024,2,2000,DET@KC,KC,DET,,,,,0,C/1B/UTIL,C/1B,13
59236-135207:Alex De Goti,59236-135207,2B,Alex,Alex De Goti,De Goti,9.449999809,2,2000,HOU@TEX,HOU,TEX,,,,,0,2B/UTIL,2B,12
59236-135227:Jose Rojas,59236-135227,2B,Jose,Jose Rojas,Rojas,5.467741935,31,2000,OAK@LAA,LAA,OAK,,,,,0,2B/UTIL,2B,16
59236-135224:Yadiel Hernandez,59236-135224,OF,Yadiel,Yadiel Hernandez,Hernandez,4.674073961,27,2000,BAL@WSH,WSH,BAL,,,,,0,OF/UTIL,OF,1
59236-81980:Phillip Evans,59236-81980,3B,Phillip,Phillip Evans,Evans,7.806250095,32,2000,PIT@ATL,PIT,ATL,IL,Hamstring,,,0,3B/UTIL,3B,7
59236-135228:Jack Kruger,59236-135228,C,Jack,Jack Kruger,Kruger,0,1,2000,HOU@TEX,TEX,HOU,,,,,0,C/1B/UTIL,C/1B,12
59236-135242:P.J. Higgins,59236-135242,C,P.J.,P.J. Higgins,Higgins,0,2,2000,CHC@STL,CHC,STL,,,,,0,C/1B/UTIL,C/1B,10
59236-102485:Kyle Isbel,59236-102485,OF,Kyle,Kyle Isbel,Isbel,5.958333333,12,2000,DET@KC,KC,DET,,,,,0,OF/UTIL,OF,13
59236-102497:Ronnie Dawson,59236-102497,OF,Ronnie,Ronnie Dawson,Dawson,4.133333206,3,2000,HOU@TEX,HOU,TEX,,,,,0,OF/UTIL,OF,12
59236-116841:Sam Haggerty,59236-116841,1B/OF,Sam,Sam Haggerty,Haggerty,5.503125191,32,2000,SEA@SD,SEA,SD,,,,,1,C/1B/OF/UTIL,C/1B,9
59236-135276:Patrick Mazeika,59236-135276,C,Patrick,Patrick Mazeika,Mazeika,4.600000109,7,2000,NYM@MIA,NYM,MIA,,,,,0,C/1B/UTIL,C/1B,10
59236-135277:Johneshwy Fargas,59236-135277,OF,Johneshwy,Johneshwy Fargas,Fargas,4.166666667,3,2000,NYM@MIA,NYM,MIA,,,,,1,OF/UTIL,OF,10
59236-102513:Mario Feliciano,59236-102513,C,Mario,Mario Feliciano,Feliciano,6.199999809,1,2000,MIL@CIN,MIL,CIN,,,,,0,C/1B/UTIL,C/1B,13
59236-135282:Josh Palacios,59236-135282,OF,Josh,Josh Palacios,Palacios,7.240000153,10,2000,TB@TOR,TOR,TB,IL,Hand,,,0,OF/UTIL,OF,15
59236-135284:Riley Adams,59236-135284,C,Riley,Riley Adams,Adams,,,2000,TB@TOR,TOR,TB,,,,,0,C/1B/UTIL,C/1B,15
59236-135290:John Nogowski,59236-135290,1B,John,John Nogowski,Nogowski,1.026666641,15,2000,CHC@STL,STL,CHC,,,,,0,C/1B/UTIL,C/1B,11
59236-116865:Ryan McBroom,59236-116865,1B,Ryan,Ryan McBroom,McBroom,1.839999962,5,2000,DET@KC,KC,DET,,,,,0,C/1B/UTIL,C/1B,13
59236-135305:Tucupita Marcano,59236-135305,3B,Tucupita,Tucupita Marcano,Marcano,3.483333376,18,2000,SEA@SD,SD,SEA,,,,,0,3B/UTIL,3B,9
59236-73875:Jose Martinez,59236-73875,OF,Jose,Jose Martinez,Martinez,5.147058824,34,2000,NYM@MIA,NYM,MIA,IL,Knee,,,0,OF/UTIL,OF,10
59236-73879:Pat Valaika,59236-73879,2B/SS,Pat,Pat Valaika,Valaika,3.491666794,24,2000,BAL@WSH,BAL,WSH,,,,,0,2B/SS/UTIL,2B,1
59236-102550:Luis Campusano,59236-102550,C,Luis,Luis Campusano,Campusano,2.227272727,11,2000,SEA@SD,SD,SEA,,,,,0,C/1B/UTIL,C/1B,9
59236-116888:Jaylin Davis,59236-116888,OF,Jaylin,Jaylin Davis,Davis,6.224999905,4,2000,LAD@SF,SF,LAD,IL,Kneecap,,,0,OF/UTIL,OF,9
59236-102577:Santiago Espinal,59236-102577,SS,Santiago,Santiago Espinal,Espinal,4.288888719,18,2000,TB@TOR,TOR,TB,,,,,0,SS/UTIL,SS,15
59236-39090:Erik Gonzalez,59236-39090,3B/SS,Erik,Erik Gonzalez,Gonzalez,5.879999924,40,2000,PIT@ATL,PIT,ATL,,,,,1,3B/SS/UTIL,3B,7
59236-104629:Jack Mayfield,59236-104629,SS,Jack,Jack Mayfield,Mayfield,0,3,2000,SEA@SD,SEA,SD,,,,,0,SS/UTIL,SS,9
59236-145590:Jason Vosler,59236-145590,3B,Jason,Jason Vosler,Vosler,3.887500048,8,2000,LAD@SF,SF,LAD,,,,,0,3B/UTIL,3B,9
59236-102584:Tres Barrera,59236-102584,C,Tres,Tres Barrera,Barrera,0,1,2000,BAL@WSH,WSH,BAL,,,,,0,C/1B/UTIL,C/1B,1
59236-102591:Jake Fraley,59236-102591,OF,Jake,Jake Fraley,Fraley,9.780000305,5,2000,SEA@SD,SEA,SD,IL,Hamstring,,,0,OF/UTIL,OF,9
59236-39125:Tomas Telis,59236-39125,C,Tomas,Tomas Telis,Telis,,,2000,MIN@CLE,MIN,CLE,,,,,0,C/1B/UTIL,C/1B,8
59236-149732:Hunter Owen,59236-149732,OF,Hunter,Hunter Owen,Owen,1,3,2000,PIT@ATL,PIT,ATL,,,,,0,OF/UTIL,OF,7
59236-116994:Donovan Walton,59236-116994,SS,Donovan,Donovan Walton,Walton,6.333333333,3,2000,SEA@SD,SEA,SD,,,,,0,SS/UTIL,SS,9
59236-12577:Jarrod Dyson,59236-12577,OF,Jarrod,Jarrod Dyson,Dyson,3.28,25,2000,DET@KC,KC,DET,,,,,0,OF/UTIL,OF,13
59236-12593:Eric Sogard,59236-12593,2B/3B,Eric,Eric Sogard,Sogard,4.116216299,37,2000,CHC@STL,CHC,STL,,,,,0,2B/3B/UTIL,2B,10
59236-110911:Robel Garcia,59236-110911,OF,Robel,Robel Garcia,Garcia,2.169230828,13,2000,HOU@TEX,HOU,TEX,,,,,0,OF/UTIL,OF,12
59236-53593:Patrick Kivlehan,59236-53593,OF,Patrick,Patrick Kivlehan,Kivlehan,5.720000076,5,2000,SEA@SD,SD,SEA,,,,,0,OF/UTIL,OF,9
59236-84405:John Andreoli,59236-84405,OF,John,John Andreoli,Andreoli,2.199999946,7,2000,SEA@SD,SD,SEA,,,,,0,OF/UTIL,OF,9
59236-84471:Nick Martini,59236-84471,OF,Nick,Nick Martini,Martini,2.116666635,6,2000,CHC@STL,CHC,STL,,,,,0,OF/UTIL,OF,10
59236-96764:Jonathan Davis,59236-96764,OF,Jonathan,Jonathan Davis,Davis,4.512500127,24,2000,TB@TOR,TOR,TB,,,,,0,OF/UTIL,OF,15
59236-145921:Ka'ai Tom,59236-145921,OF,Ka'ai,Ka'ai Tom,Tom,4.872000122,25,2000,PIT@ATL,PIT,ATL,DTD,Wrist,,,1,OF/UTIL,OF,7
59236-80457:Adam Engel,59236-80457,OF,Adam,Adam Engel,Engel,6.227777693,36,2000,CWS@NYY,CWS,NYY,IL,Hamstring,,,0,OF/UTIL,OF,10
59236-72264:Max Moroff,59236-72264,SS,Max,Max Moroff,Moroff,0,3,2000,CHC@STL,STL,CHC,,,,,0,SS/UTIL,SS,11
59236-119368:Ryan Jeffers,59236-119368,C,Ryan,Ryan Jeffers,Jeffers,3.645454407,11,2000,MIN@CLE,MIN,CLE,,,,,0,C/1B/UTIL,C/1B,8
59236-80459:Franchy Cordero,59236-80459,OF,Franchy,Franchy Cordero,Cordero,4.393750191,32,2000,BOS@PHI,BOS,PHI,,,,,0,OF/UTIL,OF,5
59236-150096:Ivan Castillo,59236-150096,2B,Ivan,Ivan Castillo,Castillo,3.166666667,3,2000,SEA@SD,SD,SEA,,,,,0,2B/UTIL,2B,9
59236-119401:Rafael Marchan,59236-119401,C,Rafael,Rafael Marchan,Marchan,1.5,2,2000,BOS@PHI,PHI,BOS,,,,,0,C/1B/UTIL,C/1B,10
59236-17012:Curt Casali,59236-17012,C,Curt,Curt Casali,Casali,4.113636364,22,2000,LAD@SF,SF,LAD,,,,,0,C/1B/UTIL,C/1B,9
59236-82551:Shed Long Jr.,59236-82551,2B,Shed,Shed Long Jr.,Long Jr.,6.544117647,34,2000,SEA@SD,SEA,SD,IL,Lower leg,,,0,2B/UTIL,2B,9
59236-135801:Jake Hager,59236-135801,1B,Jake,Jake Hager,Hager,0,4,2000,NYM@MIA,NYM,MIA,,,,,0,C/1B/UTIL,C/1B,10
59236-82556:Taylor Trammell,59236-82556,OF,Taylor,Taylor Trammell,Trammell,7.6259257,27,2000,SEA@SD,SEA,SD,,,,,0,OF/UTIL,OF,9
59236-17025:Joe Panik,59236-17025,2B/3B,Joe,Joe Panik,Panik,3.757894817,19,2000,TB@TOR,TOR,TB,IL,Calf,,,0,2B/3B/UTIL,2B,15
59236-70277:Kevan Smith,59236-70277,C,Kevan,Kevan Smith,Smith,3.133333206,3,2000,PIT@ATL,ATL,PIT,,,,,0,C/1B/UTIL,C/1B,12
59236-82585:Khalil Lee,59236-82585,OF,Khalil,Khalil Lee,Lee,0,3,2000,NYM@MIA,NYM,MIA,,,,,1,OF/UTIL,OF,10
59236-82593:Keibert Ruiz,59236-82593,C,Keibert,Keibert Ruiz,Ruiz,3.116666794,6,2000,LAD@SF,LAD,SF,,,,,0,C/1B/UTIL,C/1B,9
59236-82596:Jake Rogers,59236-82596,C,Jake,Jake Rogers,Rogers,6.940000153,5,2000,DET@KC,DET,KC,,,,,0,C/1B/UTIL,C/1B,12
59236-82605:Keston Hiura,59236-82605,1B/2B,Keston,Keston Hiura,Hiura,5.46538485,26,2000,MIL@CIN,MIL,CIN,,,,,0,C/1B/2B/UTIL,C/1B,13
59236-21165:Roberto Perez,59236-21165,C,Roberto,Roberto Perez,Perez,7.721052471,19,2000,MIN@CLE,CLE,MIN,IL,Finger,,,0,C/1B/UTIL,C/1B,12
59236-82606:Monte Harrison,59236-82606,OF,Monte,Monte Harrison,Harrison,1,3,2000,NYM@MIA,MIA,NYM,,,,,0,OF/UTIL,OF,10
59236-82612:Brent Rooker,59236-82612,OF,Brent,Brent Rooker,Rooker,4.275000095,8,2000,MIN@CLE,MIN,CLE,,,,,0,OF/UTIL,OF,8
59236-82617:Andres Gimenez,59236-82617,2B/SS,Andres,Andres Gimenez,Gimenez,5.534482759,29,2000,MIN@CLE,CLE,MIN,,,,,0,2B/SS/UTIL,2B,12
59236-82616:Luis Guillorme,59236-82616,SS,Luis,Luis Guillorme,Guillorme,2.814285823,14,2000,NYM@MIA,NYM,MIA,IL,Oblique,,,0,SS/UTIL,SS,10
59236-82626:Adam Haseley,59236-82626,OF,Adam,Adam Haseley,Haseley,2.377777735,9,2000,BOS@PHI,PHI,BOS,O,Personal,,,0,OF/UTIL,OF,10
59236-17096:Wilfredo Tovar,59236-17096,SS,Wilfredo,Wilfredo Tovar,Tovar,,,2000,NYM@MIA,NYM,MIA,,,,,0,SS/UTIL,SS,10
59236-82637:Evan White,59236-82637,1B,Evan,Evan White,White,4.903333537,30,2000,SEA@SD,SEA,SD,IL,Hip,,,0,C/1B/UTIL,C/1B,9
59236-13009:Austin Romine,59236-13009,C,Austin,Austin Romine,Romine,2.116666635,6,2000,CHC@STL,CHC,STL,IL,Wrist,,,0,C/1B/UTIL,C/1B,10
59236-17105:Sandy Leon,59236-17105,C,Sandy,Sandy Leon,Leon,3.345454476,22,2000,NYM@MIA,MIA,NYM,,,,,1,C/1B/UTIL,C/1B,10
59236-82644:Jesus Sanchez,59236-82644,OF,Jesus,Jesus Sanchez,Sanchez,2.820000076,10,2000,NYM@MIA,MIA,NYM,,,,,0,OF/UTIL,OF,10
59236-82646:Justin Williams,59236-82646,OF,Justin,Justin Williams,Williams,4.507500076,40,2000,CHC@STL,STL,CHC,,,,,1,OF/UTIL,OF,11
59236-82655:Danny Jansen,59236-82655,C,Danny,Danny Jansen,Jansen,4.81515133,33,2000,TB@TOR,TOR,TB,,,,,1,C/1B/UTIL,C/1B,15
59236-82659:Carter Kieboom,59236-82659,3B,Carter,Carter Kieboom,Kieboom,1.5,2,2000,BAL@WSH,WSH,BAL,,,,,0,3B/UTIL,3B,1
59236-82661:Daniel Johnson,59236-82661,OF,Daniel,Daniel Johnson,Johnson,0,2,2000,MIN@CLE,CLE,MIN,,,,,0,OF/UTIL,OF,12
59236-82660:Luis Garcia,59236-82660,2B,Luis,Luis Garcia,Garcia,1.533333302,6,2000,BAL@WSH,WSH,BAL,,,,,0,2B/UTIL,2B,1
59236-148210:Cody Wilson,59236-148210,OF,Cody,Cody Wilson,Wilson,0,1,2000,BAL@WSH,WSH,BAL,,,,,0,OF/UTIL,OF,1
59236-84742:Willians Astudillo,59236-84742,C,Willians,Willians Astudillo,Astudillo,5.823333232,30,2000,MIN@CLE,MIN,CLE,,,,,0,C/1B/UTIL,C/1B,8
59236-17171:James McCann,59236-17171,C,James,James McCann,McCann,4.766666667,30,2000,NYM@MIA,NYM,MIA,,,,,1,C/1B/UTIL,C/1B,10
59236-70435:Ben Gamel,59236-70435,OF,Ben,Ben Gamel,Gamel,2.289999962,20,2000,PIT@ATL,PIT,ATL,,,,,0,OF/UTIL,OF,7
59236-13098:Rene Rivera,59236-13098,C,Rene,Rene Rivera,Rivera,4.240000153,5,2000,MIN@CLE,CLE,MIN,,,,,0,C/1B/UTIL,C/1B,12
59236-13099:Travis d'Arnaud,59236-13099,C,Travis,Travis d'Arnaud,d'Arnaud,6.543478261,23,2000,PIT@ATL,ATL,PIT,IL,Thumb,,,0,C/1B/UTIL,C/1B,12
59236-82734:Luis Robert,59236-82734,OF,Luis,Luis Robert,Robert,9.607999878,25,2000,CWS@NYY,CWS,NYY,IL,Hip,,,0,OF/UTIL,OF,10
59236-54080:Austin Dean,59236-54080,OF,Austin,Austin Dean,Dean,4.738889058,18,2000,CHC@STL,STL,CHC,,,,,0,OF/UTIL,OF,11
59236-68471:Tony Kemp,59236-68471,2B,Tony,Tony Kemp,Kemp,5.228571211,28,2000,OAK@LAA,OAK,LAA,,,,,0,2B/UTIL,2B,15
59236-68470:JaCoby Jones,59236-68470,OF,JaCoby,JaCoby Jones,Jones,4.736363729,33,2000,DET@KC,DET,KC,,,,,1,OF/UTIL,OF,12
59236-68478:Chad Pinder,59236-68478,2B/OF,Chad,Chad Pinder,Pinder,5.844444275,9,2000,OAK@LAA,OAK,LAA,,,,,0,2B/OF/UTIL,2B,15
59236-68492:Chance Sisco,59236-68492,C,Chance,Chance Sisco,Sisco,4.127777947,18,2000,BAL@WSH,BAL,WSH,,,,,0,C/1B/UTIL,C/1B,1
59236-68499:Johan Camargo,59236-68499,3B/OF,Johan,Johan Camargo,Camargo,0.272727273,11,2000,PIT@ATL,ATL,PIT,,,,,0,3B/OF/UTIL,3B,12
59236-68513:Alex Blandino,59236-68513,SS,Alex,Alex Blandino,Blandino,3.942424427,33,2000,MIL@CIN,CIN,MIL,,,,,0,SS/UTIL,SS,14
59236-68538:Franklin Barreto,59236-68538,2B,Franklin,Franklin Barreto,Barreto,1.80952381,21,2000,OAK@LAA,LAA,OAK,IL,Elbow,,,0,2B/UTIL,2B,16
59236-13253:Martin Maldonado,59236-13253,C,Martin,Martin Maldonado,Maldonado,5.448484941,33,2000,HOU@TEX,HOU,TEX,,,,,1,C/1B/UTIL,C/1B,12
59236-80836:Tzu-Wei Lin,59236-80836,SS,Tzu-Wei,Tzu-Wei Lin,Lin,0,1,2000,MIN@CLE,MIN,CLE,IL,Undisclosed,,,0,SS/UTIL,SS,8
59236-52171:Kevin Plawecki,59236-52171,C,Kevin,Kevin Plawecki,Plawecki,5.733333333,15,2000,BOS@PHI,BOS,PHI,,,,,0,C/1B/UTIL,C/1B,5
59236-80853:Dustin Fowler,59236-80853,OF,Dustin,Dustin Fowler,Fowler,3.255555471,18,2000,PIT@ATL,PIT,ATL,,,,,0,OF/UTIL,OF,7
59236-5077:Dexter Fowler,59236-5077,OF,Dexter,Dexter Fowler,Fowler,5.299999782,7,2000,OAK@LAA,LAA,OAK,IL,Knee,,,0,OF/UTIL,OF,16
59236-52182:Reese McGuire,59236-52182,C,Reese,Reese McGuire,McGuire,5.299999782,7,2000,TB@TOR,TOR,TB,,,,,0,C/1B/UTIL,C/1B,15
59236-52193:Nick Williams,59236-52193,OF,Nick,Nick Williams,Williams,3.849999905,4,2000,CWS@NYY,CWS,NYY,,,,,0,OF/UTIL,OF,10
59236-5104:Pablo Sandoval,59236-5104,3B,Pablo,Pablo Sandoval,Sandoval,4.381818367,33,2000,PIT@ATL,ATL,PIT,,,,,0,3B/UTIL,3B,12
59236-68593:Jorge Mateo,59236-68593,2B/OF,Jorge,Jorge Mateo,Mateo,3.879166603,24,2000,SEA@SD,SD,SEA,,,,,0,2B/OF/UTIL,2B,9
59236-68594:Anthony Alford,59236-68594,OF,Anthony,Anthony Alford,Alford,3.036363775,11,2000,PIT@ATL,PIT,ATL,,,,,0,OF/UTIL,OF,7
59236-11311:Drew Butera,59236-11311,C,Drew,Drew Butera,Butera,4.087500095,8,2000,OAK@LAA,LAA,OAK,,,,,1,C/1B/UTIL,C/1B,16
59236-13368:Billy Hamilton,59236-13368,OF,Billy,Billy Hamilton,Hamilton,5.00434776,23,2000,CWS@NYY,CWS,NYY,,,,,0,OF/UTIL,OF,10
59236-148547:Scott Hurst,59236-148547,OF,Scott,Scott Hurst,Hurst,0,7,2000,CHC@STL,STL,CHC,IL,Undisclosed,,,0,OF/UTIL,OF,11
59236-21573:Jace Peterson,59236-21573,OF,Jace,Jace Peterson,Peterson,6.859999847,10,2000,MIL@CIN,MIL,CIN,IL,Thumb,,,0,OF/UTIL,OF,13
59236-13388:Ryan LaMarre,59236-13388,OF,Ryan,Ryan LaMarre,LaMarre,1,3,2000,CWS@NYY,NYY,CWS,IL,Hamstring,,,0,OF/UTIL,OF,
59236-13412:Donovan Solano,59236-13412,2B/SS,Donovan,Donovan Solano,Solano,5.472222222,18,2000,LAD@SF,SF,LAD,,,,,1,2B/SS/UTIL,2B,9
59236-38004:Austin Hedges,59236-38004,C,Austin,Austin Hedges,Hedges,4.094737003,19,2000,MIN@CLE,CLE,MIN,,,,,1,C/1B/UTIL,C/1B,12
59236-13436:Max Stassi,59236-13436,C,Max,Max Stassi,Stassi,5.027272658,11,2000,OAK@LAA,LAA,OAK,IL,Concussion,,,0,C/1B/UTIL,C/1B,16
59236-13451:Ronald Torreyes,59236-13451,SS,Ronald,Ronald Torreyes,Torreyes,4.700000127,6,2000,BOS@PHI,PHI,BOS,,,,,0,SS/UTIL,SS,10
59236-5282:Jeff Mathis,59236-5282,C,Jeff,Jeff Mathis,Mathis,0,4,2000,PIT@ATL,ATL,PIT,,,,,0,C/1B/UTIL,C/1B,12
59236-5311:Kurt Suzuki,59236-5311,C,Kurt,Kurt Suzuki,Suzuki,4.625,24,2000,OAK@LAA,LAA,OAK,,,,,0,C/1B/UTIL,C/1B,16
59236-13520:Phil Gosselin,59236-13520,2B,Phil,Phil Gosselin,Gosselin,7.21875,16,2000,OAK@LAA,LAA,OAK,,,,,0,2B/UTIL,2B,16
59236-60636:Derek Hill,59236-60636,OF,Derek,Derek Hill,Hill,0,2,2000,DET@KC,DET,KC,,,,,0,OF/UTIL,OF,12
59236-83164:Jake Cave,59236-83164,OF,Jake,Jake Cave,Cave,4.148387294,31,2000,MIN@CLE,MIN,CLE,IL,Back,,,0,OF/UTIL,OF,8
59236-83177:Grayson Greiner,59236-83177,C,Grayson,Grayson Greiner,Greiner,4.478571483,14,2000,DET@KC,DET,KC,IL,Hamstring,,,0,C/1B/UTIL,C/1B,12
59236-60649:Alex Jackson,59236-60649,C,Alex,Alex Jackson,Jackson,2.439999962,10,2000,PIT@ATL,ATL,PIT,IL,Hamstring,,,0,C/1B/UTIL,C/1B,12
59236-60652:Christian Arroyo,59236-60652,2B,Christian,Christian Arroyo,Arroyo,6.44782622,23,2000,BOS@PHI,BOS,PHI,IL,Hand,,,0,2B/UTIL,2B,5
59236-5359:Elvis Andrus,59236-5359,SS,Elvis,Elvis Andrus,Andrus,4.614285787,42,2000,OAK@LAA,OAK,LAA,,,,,1,SS/UTIL,SS,15
59236-38127:Tony Wolters,59236-38127,C,Tony,Tony Wolters,Wolters,2.399999891,14,2000,CHC@STL,CHC,STL,,,,,0,C/1B/UTIL,C/1B,10
59236-83186:Aristides Aquino,59236-83186,OF,Aristides,Aristides Aquino,Aquino,4.990000153,10,2000,MIL@CIN,CIN,MIL,IL,Wrist,,,0,OF/UTIL,OF,14
59236-79093:Eloy Jimenez,59236-79093,OF,Eloy,Eloy Jimenez,Jimenez,11.26727295,55,2000,CWS@NYY,CWS,NYY,IL,Pectoral,,,0,OF/UTIL,OF,10
59236-83188:Kelvin Gutierrez,59236-83188,3B,Kelvin,Kelvin Gutierrez,Gutierrez,4.240000153,5,2000,DET@KC,KC,DET,,,,,0,3B/UTIL,3B,13
59236-79110:Tyler Stephenson,59236-79110,C,Tyler,Tyler Stephenson,Stephenson,5.806666565,30,2000,MIL@CIN,CIN,MIL,,,,,0,C/1B/UTIL,C/1B,14
59236-85254:Joey Bart,59236-85254,C,Joey,Joey Bart,Bart,0,1,2000,LAD@SF,SF,LAD,,,,,0,C/1B/UTIL,C/1B,9
59236-79112:Yu Chang,59236-79112,3B,Yu,Yu Chang,Chang,2.92,25,2000,MIN@CLE,CLE,MIN,,,,,0,3B/UTIL,3B,12
59236-5390:Robinson Cano,59236-5390,2B,Robinson,Robinson Cano,Cano,9.951020533,49,2000,NYM@MIA,NYM,MIA,NA,Suspension,,,0,2B/UTIL,2B,10
59236-79127:Derek Fisher,59236-79127,OF,Derek,Derek Fisher,Fisher,6.46875,16,2000,MIL@CIN,MIL,CIN,IL,Hamstring,,,0,OF/UTIL,OF,13
59236-79128:Garrett Stubbs,59236-79128,C,Garrett,Garrett Stubbs,Stubbs,0,1,2000,HOU@TEX,HOU,TEX,,,,,0,C/1B/UTIL,C/1B,12
59236-79141:Ryan O'Hearn,59236-79141,1B,Ryan,Ryan O'Hearn,O'Hearn,5.018750191,16,2000,DET@KC,KC,DET,,,,,1,C/1B/UTIL,C/1B,13
59236-62780:Wilmer Difo,59236-62780,SS,Wilmer,Wilmer Difo,Difo,3.484848485,33,2000,PIT@ATL,PIT,ATL,,,,,0,SS/UTIL,SS,7
59236-79174:Jacob Nottingham,59236-79174,C,Jacob,Jacob Nottingham,Nottingham,10.08000031,5,2000,SEA@SD,SEA,SD,,,,,1,C/1B/UTIL,C/1B,9
59236-79176:JT Riddle,59236-79176,OF,JT,JT Riddle,Riddle,2.299999952,4,2000,MIN@CLE,MIN,CLE,,,,,0,OF/UTIL,OF,8
59236-85320:Michael Perez,59236-85320,C,Michael,Michael Perez,Perez,3.881249905,16,2000,PIT@ATL,PIT,ATL,,,,,0,C/1B/UTIL,C/1B,7
59236-79178:Isan Diaz,59236-79178,2B,Isan,Isan Diaz,Diaz,5.741176381,17,2000,NYM@MIA,MIA,NYM,,,,,0,2B/UTIL,2B,10
59236-79181:Mauricio Dubon,59236-79181,SS/OF,Mauricio,Mauricio Dubon,Dubon,5.028205285,39,2000,LAD@SF,SF,LAD,,,,,0,SS/OF/UTIL,SS,9
59236-79189:Travis Blankenhorn,59236-79189,2B,Travis,Travis Blankenhorn,Blankenhorn,3.200000048,1,2000,LAD@SF,LAD,SF,,,,,0,2B/UTIL,2B,9
59236-79190:Ben Rortvedt,59236-79190,C,Ben,Ben Rortvedt,Rortvedt,2.600000064,12,2000,MIN@CLE,MIN,CLE,,,,,0,C/1B/UTIL,C/1B,8
59236-79202:Max Schrock,59236-79202,2B,Max,Max Schrock,Schrock,1.533333302,6,2000,MIL@CIN,CIN,MIL,,,,,0,2B/UTIL,2B,14
59236-38247:Hanser Alberto,59236-38247,2B/3B,Hanser,Hanser Alberto,Alberto,3.835293938,34,2000,DET@KC,KC,DET,,,,,1,2B/3B/UTIL,2B,13
59236-118120:Jonah Heim,59236-118120,C,Jonah,Jonah Heim,Heim,6.363157975,19,2000,HOU@TEX,TEX,HOU,,,,,0,C/1B/UTIL,C/1B,12
59236-79211:Mickey Moniak,59236-79211,OF,Mickey,Mickey Moniak,Moniak,4.281818043,11,2000,BOS@PHI,PHI,BOS,,,,,0,OF/UTIL,OF,10
59236-79213:Scott Kingery,59236-79213,2B/OF,Scott,Scott Kingery,Kingery,0.413333321,15,2000,BOS@PHI,PHI,BOS,IL,Concussion,,,0,2B/OF/UTIL,2B,10
59236-79212:Andrew Knapp,59236-79212,C,Andrew,Andrew Knapp,Knapp,4.142307575,26,2000,BOS@PHI,PHI,BOS,,,,,0,C/1B/UTIL,C/1B,10
59236-13685:Brock Holt,59236-13685,3B/OF,Brock,Brock Holt,Holt,6.793333435,15,2000,HOU@TEX,TEX,HOU,IL,Hamstring,,,0,3B/OF/UTIL,3B,12
59236-13687:Jordy Mercer,59236-13687,3B,Jordy,Jordy Mercer,Mercer,2.494117737,17,2000,BAL@WSH,WSH,BAL,,,,,0,3B/UTIL,3B,1
59236-21890:Orlando Arcia,59236-21890,SS,Orlando,Orlando Arcia,Arcia,1.625,4,2000,PIT@ATL,ATL,PIT,,,,,0,SS/UTIL,SS,12
59236-38276:Albert Almora Jr.,59236-38276,OF,Albert,Albert Almora Jr.,Almora Jr.,0.45999999,20,2000,NYM@MIA,NYM,MIA,IL,Shoulder,,,0,OF/UTIL,OF,10
59236-79240:Aramis Garcia,59236-79240,C,Aramis,Aramis Garcia,Garcia,3.270588146,17,2000,OAK@LAA,OAK,LAA,,,,,0,C/1B/UTIL,C/1B,15
59236-79247:Edmundo Sosa,59236-79247,2B,Edmundo,Edmundo Sosa,Sosa,3.583333333,18,2000,CHC@STL,STL,CHC,,,,,1,2B/UTIL,2B,11
59236-79248:Magneuris Sierra,59236-79248,OF,Magneuris,Magneuris Sierra,Sierra,2.445714242,35,2000,NYM@MIA,MIA,NYM,,,,,1,OF/UTIL,OF,10
59236-101787:LaMonte Wade Jr.,59236-101787,OF,LaMonte,LaMonte Wade Jr.,Wade Jr.,3,5,2000,LAD@SF,SF,LAD,,,,,0,OF/UTIL,OF,9
59236-79263:Leody Taveras,59236-79263,OF,Leody,Leody Taveras,Taveras,3.060000102,15,2000,HOU@TEX,TEX,HOU,,,,,0,OF/UTIL,OF,12
59236-79262:Ronald Guzman,59236-79262,1B,Ronald,Ronald Guzman,Guzman,3.100000109,7,2000,HOU@TEX,TEX,HOU,IL,Knee,,,0,C/1B/UTIL,C/1B,12
59236-79267:Andy Ibanez,59236-79267,2B,Andy,Andy Ibanez,Ibanez,2.444444444,9,2000,HOU@TEX,TEX,HOU,,,,,0,2B/UTIL,2B,12
59236-118181:Taylor Jones,59236-118181,1B/3B,Taylor,Taylor Jones,Jones,6.299999873,3,2000,HOU@TEX,HOU,TEX,,,,,0,C/1B/3B/UTIL,C/1B,12
59236-101796:Braden Bishop,59236-101796,OF,Braden,Braden Bishop,Bishop,0.774999976,8,2000,LAD@SF,SF,LAD,,,,,0,OF/UTIL,OF,9
59236-118189:Ali Sanchez,59236-118189,C,Ali,Ali Sanchez,Sanchez,6,1,2000,CHC@STL,STL,CHC,,,,,0,C/1B/UTIL,C/1B,11
59236-79279:Andrew Stevenson,59236-79279,OF,Andrew,Andrew Stevenson,Stevenson,4.474285889,35,2000,BAL@WSH,WSH,BAL,,,,,0,OF/UTIL,OF,1
59236-38324:Jorge Alfaro,59236-38324,C,Jorge,Jorge Alfaro,Alfaro,4.970000076,10,2000,NYM@MIA,MIA,NYM,IL,Hamstring,,,0,C/1B/UTIL,C/1B,10
59236-38326:Nomar Mazara,59236-38326,OF,Nomar,Nomar Mazara,Mazara,7.019999695,20,2000,DET@KC,DET,KC,,,,,1,OF/UTIL,OF,12
59236-101817:Luis Rengifo,59236-101817,2B/3B,Luis,Luis Rengifo,Rengifo,2.299999952,4,2000,OAK@LAA,LAA,OAK,,,,,0,2B/3B/UTIL,2B,16
59236-101821:Edwin Rios,59236-101821,1B/3B,Edwin,Edwin Rios,Rios,2.572000122,25,2000,LAD@SF,LAD,SF,IL,Shoulder,,,0,C/1B/3B/UTIL,C/1B,9
59236-118204:Ryan McKenna,59236-118204,OF,Ryan,Ryan McKenna,McKenna,2.821739197,23,2000,BAL@WSH,BAL,WSH,,,,,0,OF/UTIL,OF,1
59236-118211:Kevin Padlo,59236-118211,3B,Kevin,Kevin Padlo,Padlo,1.688888868,9,2000,TB@TOR,TB,TOR,,,,,0,3B/UTIL,3B,10
59236-101828:Troy Stokes Jr.,59236-101828,OF,Troy,Troy Stokes Jr.,Stokes Jr.,4.300000191,8,2000,PIT@ATL,PIT,ATL,,,,,0,OF/UTIL,OF,7
59236-118214:Wyatt Mathisen,59236-118214,3B/OF,Wyatt,Wyatt Mathisen,Mathisen,3.721739064,23,2000,TB@TOR,TB,TOR,,,,,0,3B/OF/UTIL,3B,10
59236-101832:Skye Bolt,59236-101832,OF,Skye,Skye Bolt,Bolt,0,2,2000,OAK@LAA,OAK,LAA,,,,,0,OF/UTIL,OF,15
59236-101835:Austin Allen,59236-101835,C,Austin,Austin Allen,Allen,9.350000381,2,2000,OAK@LAA,OAK,LAA,,,,,0,C/1B/UTIL,C/1B,15
59236-118218:Zach McKinstry,59236-118218,2B,Zach,Zach McKinstry,McKinstry,10.02352905,17,2000,LAD@SF,LAD,SF,IL,Oblique,,,0,2B/UTIL,2B,9
59236-118222:Mark Mathias,59236-118222,2B,Mark,Mark Mathias,Mathias,4.087500095,16,2000,MIL@CIN,MIL,CIN,IL,Shoulder,,,0,2B/UTIL,2B,13
59236-118227:Jorge Ona,59236-118227,OF,Jorge,Jorge Ona,Ona,9.319999695,5,2000,SEA@SD,SD,SEA,IL,Elbow,,,0,OF/UTIL,OF,9
59236-101844:Lane Thomas,59236-101844,OF,Lane,Lane Thomas,Thomas,2.688888974,9,2000,CHC@STL,STL,CHC,,,,,0,OF/UTIL,OF,11
59236-101850:Ramon Urias,59236-101850,2B,Ramon,Ramon Urias,Urias,4.549999873,24,2000,BAL@WSH,BAL,WSH,,,,,0,2B/UTIL,2B,1
59236-95776:Pablo Reyes,59236-95776,OF,Pablo,Pablo Reyes,Reyes,3.238888847,18,2000,MIL@CIN,MIL,CIN,,,,,0,OF/UTIL,OF,13
59236-13892:Hernan Perez,59236-13892,3B/OF,Hernan,Hernan Perez,Perez,1.219999981,10,2000,MIL@CIN,MIL,CIN,,,,,0,3B/OF/UTIL,3B,13
59236-13894:Aaron Hicks,59236-13894,OF,Aaron,Aaron Hicks,Hicks,7.706250191,32,2000,CWS@NYY,NYY,CWS,IL,Wrist,,,0,OF/UTIL,OF,
59236-13917:Juan Lagares,59236-13917,OF,Juan,Juan Lagares,Lagares,5.142857143,14,2000,OAK@LAA,LAA,OAK,,,,,1,OF/UTIL,OF,16
59236-116339:Abraham Toro,59236-116339,3B,Abraham,Abraham Toro,Toro,1,6,2000,HOU@TEX,HOU,TEX,IL,Oblique,,,0,3B/UTIL,3B,12
59236-118396:Mark Payton,59236-118396,OF,Mark,Mark Payton,Payton,1.283333302,12,2000,MIL@CIN,CIN,MIL,,,,,0,OF/UTIL,OF,14
59236-118398:Vimael Machin,59236-118398,SS,Vimael,Vimael Machin,Machin,1.744444423,9,2000,OAK@LAA,OAK,LAA,,,,,0,SS/UTIL,SS,15
59236-13961:Kevin Kiermaier,59236-13961,OF,Kevin,Kevin Kiermaier,Kiermaier,6.907999878,25,2000,TB@TOR,TB,TOR,,,,,1,OF/UTIL,OF,10
59236-118408:Yoshi Tsutsugo,59236-118408,3B/OF,Yoshi,Yoshi Tsutsugo,Tsutsugo,4.172413793,29,2000,LAD@SF,LAD,SF,,,,,0,3B/OF/UTIL,3B,9
59236-52878:Billy McKinney,59236-52878,OF,Billy,Billy McKinney,McKinney,4.417948796,39,2000,MIL@CIN,MIL,CIN,,,,,0,OF/UTIL,OF,13
59236-81570:Cam Gallagher,59236-81570,C,Cam,Cam Gallagher,Gallagher,2.192857197,14,2000,DET@KC,KC,DET,,,,,0,C/1B/UTIL,C/1B,13
59236-114357:Brian O'Grady,59236-114357,C,Brian,Brian O'Grady,O'Grady,4.177777608,9,2000,SEA@SD,SD,SEA,,,,,0,C/1B/UTIL,C/1B,9
59236-38599:Lewis Brinson,59236-38599,OF,Lewis,Lewis Brinson,Brinson,3.879166603,24,2000,NYM@MIA,MIA,NYM,IL,Undisclosed,,,0,OF/UTIL,OF,10
59236-81622:Mitch Garver,59236-81622,C,Mitch,Mitch Garver,Garver,7.506249905,32,2000,MIN@CLE,MIN,CLE,,,,,1,C/1B/UTIL,C/1B,8
59236-118497:Shogo Akiyama,59236-118497,OF,Shogo,Shogo Akiyama,Akiyama,2.876923194,13,2000,MIL@CIN,CIN,MIL,,,,,0,OF/UTIL,OF,14
59236-112379:Tim Lopes,59236-112379,OF,Tim,Tim Lopes,Lopes,6.819565483,46,2000,MIL@CIN,MIL,CIN,IL,Oblique,,,0,OF/UTIL,OF,13
59236-52995:Luke Maile,59236-52995,C,Luke,Luke Maile,Maile,3.837500095,8,2000,MIL@CIN,MIL,CIN,,,,,0,C/1B/UTIL,C/1B,13
59236-53007:Daniel Robertson,59236-53007,3B,Daniel,Daniel Robertson,Robertson,2.033333249,18,2000,MIL@CIN,MIL,CIN,IL,Concussion,,,0,3B/UTIL,3B,13
59236-5904:Chris Davis,59236-5904,1B,Chris,Chris Davis,Davis,3.068749905,16,2000,BAL@WSH,BAL,WSH,IL,Hip,,,0,C/1B/UTIL,C/1B,1
59236-104273:Anthony Bemboom,59236-104273,C,Anthony,Anthony Bemboom,Bemboom,4.116666794,6,2000,OAK@LAA,LAA,OAK,,,,,0,C/1B/UTIL,C/1B,16
59236-137070:Joseph Odom,59236-137070,C,Joseph,Joseph Odom,Odom,0,2,2000,TB@TOR,TB,TOR,,,,,0,C/1B/UTIL,C/1B,10
59236-6005:Matt Joyce,59236-6005,OF,Matt,Matt Joyce,Joyce,2.35555564,18,2000,BOS@PHI,PHI,BOS,IL,Calf,,,0,OF/UTIL,OF,10
59236-149374:Sean Kazmar Jr.,59236-149374,SS,Sean,Sean Kazmar Jr.,Kazmar Jr.,0,3,2000,PIT@ATL,ATL,PIT,,,,,0,SS/UTIL,SS,12
59236-102285:Cristian Pache,59236-102285,OF,Cristian,Cristian Pache,Pache,3.554545316,22,2000,PIT@ATL,ATL,PIT,IL,Hamstring,,,0,OF/UTIL,OF,12
59236-102320:Luis Gonzalez,59236-102320,OF,Luis,Luis Gonzalez,Gonzalez,0,1,2000,CWS@NYY,CWS,NYY,IL,Back,,,0,OF/UTIL,OF,10
59236-81869:Chad Wallach,59236-81869,C,Chad,Chad Wallach,Wallach,4.370000076,20,2000,NYM@MIA,MIA,NYM,,,,,0,C/1B/UTIL,C/1B,10
59236-12237:Jonathan Lucroy,59236-12237,C,Jonathan,Jonathan Lucroy,Lucroy,5,5,2000,PIT@ATL,ATL,PIT,,,,,0,C/1B/UTIL,C/1B,12
59236-102358:Jose Devers,59236-102358,SS,Jose,Jose Devers,Devers,1.987499952,8,2000,NYM@MIA,MIA,NYM,,,,,0,SS/UTIL,SS,10
59236-102363:Luke Raley,59236-102363,OF,Luke,Luke Raley,Raley,3.069565151,23,2000,LAD@SF,LAD,SF,,,,,0,OF/UTIL,OF,9
59236-102362:Trevor Larnach,59236-102362,OF,Trevor,Trevor Larnach,Larnach,6.954545455,11,2000,MIN@CLE,MIN,CLE,,,,,1,OF/UTIL,OF,8
