Player ID + Player Name,Id,Position_new,First Name,Nickname,Last Name,FPPG,Played,Salary,Game,Team,Opponent,Injury Indicator,Injury Details,Tier,Probable Pitcher,Batting Order,Roster Position,Position,Mscore
59367-80582:Brandon Woodruff,59367-80582,P,Brandon,Brandon Woodruff,Woodruff,42.22222222,9,10700,SD@MIL,MIL,SD,,,,Yes,1,P,P,20
59367-11354:Lance Lynn,59367-11354,P,Lance,Lance Lynn,Lynn,39.28571429,7,10000,STL@CWS,CWS,STL,,,,Yes,1,P,P,10
59367-68488:Blake Snell,59367-68488,P,Blake,Blake Snell,Snell,28.88888889,9,9300,SD@MIL,SD,MIL,,,,Yes,1,P,P,18
59367-97300:John Means,59367-97300,P,John,John Means,Means,40.77777778,9,9100,BAL@MIN,BAL,MIN,,,,Yes,1,P,P,18
59367-102001:Yusei Kikuchi,59367-102001,P,Yusei,Yusei Kikuchi,Kikuchi,33.375,8,8900,SEA@OAK,SEA,OAK,,,,Yes,1,P,P,5
59367-68518:Spencer Turnbull,59367-68518,P,Spencer,Spencer Turnbull,Turnbull,32.16666667,6,8600,CLE@DET,DET,CLE,,,,Yes,1,P,P,5
59367-63781:Frankie Montas,59367-63781,P,Frankie,Frankie Montas,Montas,27.88888889,9,8400,SEA@OAK,OAK,SEA,,,,Yes,1,P,P,5
59367-82618:David Peterson,59367-82618,P,David,David Peterson,Peterson,25.875,8,8000,COL@NYM,NYM,COL,,,,Yes,1,P,P,5
59367-118411:Kwang Hyun Kim,59367-118411,P,Kwang Hyun,Kwang Hyun Kim,Kim,23.66666667,6,7500,STL@CWS,STL,CWS,,,,Yes,1,P,P,5
59367-83098:Austin Gomber,59367-83098,P,Austin,Austin Gomber,Gomber,23.4,10,7000,COL@NYM,COL,NYM,,,,Yes,1,P,P,5
59367-17164:Matt Shoemaker,59367-17164,P,Matt,Matt Shoemaker,Shoemaker,16.75,8,6000,BAL@MIN,MIN,BAL,,,,Yes,1,P,P,5
59367-101814:Sam Hentges,59367-101814,P,Sam,Sam Hentges,Hentges,10.66666667,6,5600,CLE@DET,CLE,DET,,,,Yes,1,P,P,5
59367-79393:Fernando Tatis Jr.,59367-79393,SS,Fernando,Fernando Tatis Jr.,Tatis Jr.,17.63333333,30,4400,SD@MIL,SD,MIL,,,,,1,SS/UTIL,SS,13
59367-53401:Trey Mancini,59367-53401,OF,Trey,Trey Mancini,Mancini,12.23695705,46,4200,BAL@MIN,BAL,MIN,,,,,1,OF/UTIL,OF,13
59367-13719:Nolan Arenado,59367-13719,3B,Nolan,Nolan Arenado,Arenado,11.54347826,46,4100,STL@CWS,STL,CWS,,,,,1,3B/UTIL,3B,14
59367-38976:Jose Ramirez,59367-38976,3B,Jose,Jose Ramirez,Ramirez,12.64090937,44,4000,CLE@DET,CLE,DET,,,,,1,3B/UTIL,3B,14
59367-39086:Byron Buxton,59367-39086,OF,Byron,Byron Buxton,Buxton,15.88749949,24,4000,BAL@MIN,MIN,BAL,IL,Hip,,,,OF/UTIL,OF,11
59367-21609:Christian Yelich,59367-21609,OF,Christian,Christian Yelich,Yelich,10.06666667,15,3700,SD@MIL,MIL,SD,,,,,1,OF/UTIL,OF,10
59367-49523:Jose Abreu,59367-49523,1B,Jose,Jose Abreu,Abreu,11.73414649,41,3700,STL@CWS,CWS,STL,,,,,1,C/1B/UTIL,C/1B,12
59367-52158:Trevor Story,59367-52158,SS,Trevor,Trevor Story,Story,10.60217418,46,3700,COL@NYM,COL,NYM,,,,,1,SS/UTIL,SS,8
59367-83155:Ramon Laureano,59367-83155,OF,Ramon,Ramon Laureano,Laureano,12.02499945,44,3600,SEA@OAK,OAK,SEA,,,,,1,OF/UTIL,OF,14
59367-73159:Mitch Haniger,59367-73159,OF,Mitch,Mitch Haniger,Haniger,12.22000054,45,3500,SEA@OAK,SEA,OAK,,,,,1,OF/UTIL,OF,16
59367-5763:Nelson Cruz,59367-5763,OF,Nelson,Nelson Cruz,Cruz,10.50731678,41,3500,BAL@MIN,MIN,BAL,DTD,Wrist,,,1,OF/UTIL,OF,11
59367-60672:Tim Anderson,59367-60672,SS,Tim,Tim Anderson,Anderson,11.33999983,35,3400,STL@CWS,CWS,STL,,,,,1,SS/UTIL,SS,12
59367-79175:Trent Grisham,59367-79175,OF,Trent,Trent Grisham,Grisham,11.90555573,36,3400,SD@MIL,SD,MIL,DTD,Heel,,,1,OF/UTIL,OF,12
59367-21666:Mark Canha,59367-21666,OF,Mark,Mark Canha,Canha,11.92173966,46,3300,SEA@OAK,OAK,SEA,DTD,Elbow,,,1,OF/UTIL,OF,14
59367-82614:Pete Alonso,59367-82614,1B,Pete,Pete Alonso,Alonso,9.963889228,36,3300,COL@NYM,NYM,COL,IL,Hand,,,,C/1B/UTIL,C/1B,9
59367-81953:Austin Hays,59367-81953,OF,Austin,Austin Hays,Hays,10.41562462,32,3200,BAL@MIN,BAL,MIN,,,,,1,OF/UTIL,OF,13
59367-61553:Yoan Moncada,59367-61553,3B,Yoan,Yoan Moncada,Moncada,10.29999986,43,3200,STL@CWS,CWS,STL,,,,,1,3B/UTIL,3B,12
59367-12968:Paul Goldschmidt,59367-12968,1B,Paul,Paul Goldschmidt,Goldschmidt,9.94772755,44,3200,STL@CWS,STL,CWS,,,,,1,C/1B/UTIL,C/1B,14
59367-84133:Franmil Reyes,59367-84133,OF,Franmil,Franmil Reyes,Reyes,11.56750031,40,3100,CLE@DET,CLE,DET,IL,Oblique,,,,OF/UTIL,OF,14
59367-13929:Manny Machado,59367-13929,3B,Manny,Manny Machado,Machado,10.82325567,43,3100,SD@MIL,SD,MIL,DTD,Shoulder,,,1,3B/UTIL,3B,12
59367-52175:Matt Olson,59367-52175,1B,Matt,Matt Olson,Olson,11.95714315,42,3100,SEA@OAK,OAK,SEA,,,,,1,C/1B/UTIL,C/1B,14
59367-13303:Yasmani Grandal,59367-13303,C,Yasmani,Yasmani Grandal,Grandal,10.53750038,32,3100,STL@CWS,CWS,STL,,,,,1,C/1B/UTIL,C/1B,12
59367-79188:Alex Kirilloff,59367-79188,OF,Alex,Alex Kirilloff,Kirilloff,11.41333313,15,3000,BAL@MIN,MIN,BAL,,,,,1,OF/UTIL,OF,11
59367-13966:Kyle Seager,59367-13966,3B,Kyle,Kyle Seager,Seager,9.970212896,47,3000,SEA@OAK,SEA,OAK,,,,,1,3B/UTIL,3B,16
59367-13229:Charlie Blackmon,59367-13229,OF,Charlie,Charlie Blackmon,Blackmon,8.230232416,43,3000,COL@NYM,COL,NYM,,,,,1,OF/UTIL,OF,8
59367-68547:Tyler O'Neill,59367-68547,OF,Tyler,Tyler O'Neill,O'Neill,10.50666707,30,3000,STL@CWS,STL,CWS,IL,Finger,,,,OF/UTIL,OF,14
59367-12434:Lorenzo Cain,59367-12434,OF,Lorenzo,Lorenzo Cain,Cain,9.054166794,24,2900,SD@MIL,MIL,SD,,,,,1,OF/UTIL,OF,10
59367-13854:Robbie Grossman,59367-13854,OF,Robbie,Robbie Grossman,Grossman,11.12888862,45,2900,CLE@DET,DET,CLE,,,,,1,OF/UTIL,OF,15
59367-16952:Francisco Lindor,59367-16952,SS,Francisco,Francisco Lindor,Lindor,7.751281738,39,2900,COL@NYM,NYM,COL,,,,,1,SS/UTIL,SS,9
59367-68514:Ryan McMahon,59367-68514,2B/3B,Ryan,Ryan McMahon,McMahon,10.9085109,47,2900,COL@NYM,COL,NYM,,,,,1,2B/3B/UTIL,2B,8
59367-38965:C.J. Cron,59367-38965,1B,C.J.,C.J. Cron,Cron,9.99117683,34,2800,COL@NYM,COL,NYM,,,,,1,C/1B/UTIL,C/1B,8
59367-13430:Jonathan Villar,59367-13430,2B/3B/SS,Jonathan,Jonathan Villar,Villar,7.043243408,37,2800,COL@NYM,NYM,COL,,,,,1,2B/3B/SS/UTIL,2B,9
59367-21875:Max Kepler,59367-21875,OF,Max,Max Kepler,Kepler,11.28823494,34,2800,BAL@MIN,MIN,BAL,DTD,Undisclosed,,,1,OF/UTIL,OF,11
59367-118187:Yermin Mercedes,59367-118187,C,Yermin,Yermin Mercedes,Mercedes,9.963414634,41,2800,STL@CWS,CWS,STL,,,,,1,C/1B/UTIL,C/1B,12
59367-71182:Jeimer Candelario,59367-71182,1B/3B,Jeimer,Jeimer Candelario,Candelario,8.809091048,44,2800,CLE@DET,DET,CLE,,,,,1,C/1B/3B/UTIL,3B,15
59367-16950:Miguel Sano,59367-16950,1B,Miguel,Miguel Sano,Sano,9.967741935,31,2800,BAL@MIN,MIN,BAL,,,,,1,C/1B/UTIL,C/1B,11
59367-12985:Avisail Garcia,59367-12985,OF,Avisail,Avisail Garcia,Garcia,9.966666812,42,2800,SD@MIL,MIL,SD,,,,,1,OF/UTIL,OF,10
59367-108450:Tommy Edman,59367-108450,2B/OF,Tommy,Tommy Edman,Edman,9.160869433,46,2800,STL@CWS,STL,CWS,,,,,1,2B/OF/UTIL,2B,14
59367-81924:Niko Goodrum,59367-81924,2B/SS,Niko,Niko Goodrum,Goodrum,8.77105231,38,2700,CLE@DET,DET,CLE,,,,,1,2B/SS/UTIL,2B,15
59367-13354:Cesar Hernandez,59367-13354,2B,Cesar,Cesar Hernandez,Hernandez,8.844185763,43,2700,CLE@DET,CLE,DET,,,,,1,2B/UTIL,2B,14
59367-118210:Jake Cronenworth,59367-118210,1B/2B,Jake,Jake Cronenworth,Cronenworth,10.27021303,47,2700,SD@MIL,SD,MIL,,,,,1,C/1B/2B/UTIL,2B,12
59367-12928:Eric Hosmer,59367-12928,1B,Eric,Eric Hosmer,Hosmer,9.858974359,39,2700,SD@MIL,SD,MIL,,,,,1,C/1B/UTIL,C/1B,12
59367-82563:Garrett Hampson,59367-82563,2B/OF,Garrett,Garrett Hampson,Hampson,9.968181957,44,2700,COL@NYM,COL,NYM,,,,,1,2B/OF/UTIL,2B,8
59367-12113:Josh Donaldson,59367-12113,3B,Josh,Josh Donaldson,Donaldson,9.439999826,35,2700,BAL@MIN,MIN,BAL,,,,,1,3B/UTIL,3B,11
59367-102322:Nick Madrigal,59367-102322,2B,Nick,Nick Madrigal,Madrigal,8.30256379,39,2700,STL@CWS,CWS,STL,,,,,1,2B/UTIL,2B,12
59367-68544:Matt Chapman,59367-68544,3B,Matt,Matt Chapman,Chapman,8.15833346,48,2700,SEA@OAK,OAK,SEA,,,,,1,3B/UTIL,3B,14
59367-60635:Raimel Tapia,59367-60635,OF,Raimel,Raimel Tapia,Tapia,9.642222087,45,2600,COL@NYM,COL,NYM,,,,,1,OF/UTIL,OF,8
59367-79249:Harrison Bader,59367-79249,OF,Harrison,Harrison Bader,Bader,9.147619338,21,2600,STL@CWS,STL,CWS,,,,,1,OF/UTIL,OF,14
59367-16947:Jonathan Schoop,59367-16947,2B,Jonathan,Jonathan Schoop,Schoop,6.441860465,43,2600,CLE@DET,DET,CLE,,,,,1,2B/UTIL,2B,15
59367-82536:Cedric Mullins,59367-82536,OF,Cedric,Cedric Mullins,Mullins,9.952173648,46,2600,BAL@MIN,BAL,MIN,,,,,1,OF/UTIL,OF,13
59367-79884:Anthony Santander,59367-79884,OF,Anthony,Anthony Santander,Santander,8.400000321,19,2500,BAL@MIN,BAL,MIN,,,,,1,OF/UTIL,OF,13
59367-13378:Leury Garcia,59367-13378,2B/SS,Leury,Leury Garcia,Garcia,6.808107943,37,2500,STL@CWS,CWS,STL,,,,,1,2B/SS/UTIL,2B,12
59367-13501:Chris Owings,59367-13501,2B/OF,Chris,Chris Owings,Owings,14.09999956,7,2500,COL@NYM,COL,NYM,IL,Thumb,,,,2B/OF/UTIL,2B,8
59367-109803:Austin Nola,59367-109803,C,Austin,Austin Nola,Nola,7.782353121,17,2500,SD@MIL,SD,MIL,,,,,1,C/1B/UTIL,C/1B,12
59367-83182:Eric Haase,59367-83182,C,Eric,Eric Haase,Haase,10.47500038,8,2500,CLE@DET,DET,CLE,,,,,1,C/1B/UTIL,C/1B,15
59367-21874:Jorge Polanco,59367-21874,2B/SS,Jorge,Jorge Polanco,Polanco,8.882927127,41,2500,BAL@MIN,MIN,BAL,DTD,Ankle,,,1,2B/SS/UTIL,2B,11
59367-79223:Josh Naylor,59367-79223,1B/OF,Josh,Josh Naylor,Naylor,7.485365705,41,2500,CLE@DET,CLE,DET,,,,,1,C/1B/OF/UTIL,C/1B,14
59367-101753:Dylan Moore,59367-101753,2B/OF,Dylan,Dylan Moore,Moore,8.202438727,41,2500,SEA@OAK,SEA,OAK,IL,Calf,,,,2B/OF/UTIL,2B,16
59367-13706:Adam Eaton,59367-13706,OF,Adam,Adam Eaton,Eaton,9.092105263,38,2500,STL@CWS,CWS,STL,,,,,,OF/UTIL,OF,12
59367-71217:Omar Narvaez,59367-71217,C,Omar,Omar Narvaez,Narvaez,8.100000197,31,2500,SD@MIL,MIL,SD,,,,,1,C/1B/UTIL,C/1B,10
59367-16948:Kolten Wong,59367-16948,2B,Kolten,Kolten Wong,Wong,9.141176112,34,2500,SD@MIL,MIL,SD,,,,,1,2B/UTIL,2B,10
59367-80462:Paul DeJong,59367-80462,SS,Paul,Paul DeJong,DeJong,9.088571603,35,2500,STL@CWS,STL,CWS,IL,Ribs,,,,SS/UTIL,SS,14
59367-82624:Sean Murphy,59367-82624,C,Sean,Sean Murphy,Murphy,8.241025485,39,2500,SEA@OAK,OAK,SEA,,,,,1,C/1B/UTIL,C/1B,14
59367-13102:Freddy Galvis,59367-13102,2B/SS,Freddy,Freddy Galvis,Galvis,9.017073468,41,2500,BAL@MIN,BAL,MIN,,,,,1,2B/SS/UTIL,2B,13
59367-12123:Wilson Ramos,59367-12123,C,Wilson,Wilson Ramos,Ramos,6.939999826,35,2500,CLE@DET,DET,CLE,,,,,1,C/1B/UTIL,C/1B,15
59367-68525:J.D. Davis,59367-68525,3B/OF,J.D.,J.D. Davis,Davis,9.75,14,2500,COL@NYM,NYM,COL,IL,Finger,,,,3B/OF/UTIL,3B,9
59367-5118:Miguel Cabrera,59367-5118,1B,Miguel,Miguel Cabrera,Cabrera,7.520000203,30,2500,CLE@DET,DET,CLE,,,,,1,C/1B/UTIL,C/1B,15
59367-102398:Jarred Kelenic,59367-102398,OF,Jarred,Jarred Kelenic,Kelenic,6.190000153,10,2500,SEA@OAK,SEA,OAK,,,,,1,OF/UTIL,OF,16
59367-5181:Yadier Molina,59367-5181,C,Yadier,Yadier Molina,Molina,10.40322581,31,2400,STL@CWS,STL,CWS,,,,,1,C/1B/UTIL,C/1B,14
59367-116866:Danny Mendick,59367-116866,2B,Danny,Danny Mendick,Mendick,6.147368582,19,2400,STL@CWS,CWS,STL,,,,,1,2B/UTIL,2B,12
59367-38040:Eddie Rosario,59367-38040,OF,Eddie,Eddie Rosario,Rosario,8.047619048,42,2400,CLE@DET,CLE,DET,,,,,1,OF/UTIL,OF,14
59367-12462:Mitch Moreland,59367-12462,1B,Mitch,Mitch Moreland,Moreland,7.47419345,31,2400,SEA@OAK,OAK,SEA,IL,Ribs,,,,C/1B/UTIL,C/1B,14
59367-79082:Ryan Mountcastle,59367-79082,1B/OF,Ryan,Ryan Mountcastle,Mountcastle,7.454545455,44,2400,BAL@MIN,BAL,MIN,,,,,1,C/1B/OF/UTIL,C/1B,13
59367-85246:Josh Fuentes,59367-85246,1B/3B,Josh,Josh Fuentes,Fuentes,7.700000142,43,2400,COL@NYM,COL,NYM,,,,,1,C/1B/3B/UTIL,3B,8
59367-79225:Luis Urias,59367-79225,3B/SS,Luis,Luis Urias,Urias,7.876190186,42,2400,SD@MIL,MIL,SD,,,,,,3B/SS/UTIL,3B,10
59367-79234:Kyle Lewis,59367-79234,OF,Kyle,Kyle Lewis,Lewis,7.450000218,28,2400,SEA@OAK,SEA,OAK,,,,,1,OF/UTIL,OF,16
59367-101827:Luis Arraez,59367-101827,2B,Luis,Luis Arraez,Arraez,7.897435897,39,2400,BAL@MIN,MIN,BAL,,,,,,2B/UTIL,2B,11
59367-79400:Dylan Carlson,59367-79400,OF,Dylan,Dylan Carlson,Carlson,9.402273005,44,2400,STL@CWS,STL,CWS,DTD,Back,,,1,OF/UTIL,OF,14
59367-82611:Akil Baddoo,59367-82611,OF,Akil,Akil Baddoo,Baddoo,9.087878603,33,2400,CLE@DET,DET,CLE,,,,,,OF/UTIL,OF,15
59367-81622:Mitch Garver,59367-81622,C,Mitch,Mitch Garver,Garver,7.776470409,34,2400,BAL@MIN,MIN,BAL,,,,,1,C/1B/UTIL,C/1B,11
59367-116450:Seth Brown,59367-116450,1B,Seth,Seth Brown,Brown,7.971428571,35,2400,SEA@OAK,OAK,SEA,,,,,1,C/1B/UTIL,C/1B,14
59367-52170:Dominic Smith,59367-52170,1B/OF,Dominic,Dominic Smith,Smith,6.64999992,38,2400,COL@NYM,NYM,COL,,,,,1,C/1B/OF/UTIL,C/1B,9
59367-52178:Maikel Franco,59367-52178,3B,Maikel,Maikel Franco,Franco,7.509302184,43,2400,BAL@MIN,BAL,MIN,,,,,1,3B/UTIL,3B,13
59367-68582:Brendan Rodgers,59367-68582,2B,Brendan,Brendan Rodgers,Rodgers,8,2,2400,COL@NYM,COL,NYM,,,,,,2B/UTIL,2B,8
59367-102453:Zack Short,59367-102453,SS,Zack,Zack Short,Short,4.5,2,2300,CLE@DET,DET,CLE,,,,,,SS/UTIL,SS,15
59367-38973:Tyrone Taylor,59367-38973,OF,Tyrone,Tyrone Taylor,Taylor,5.493333435,30,2300,SD@MIL,MIL,SD,,,,,,OF/UTIL,OF,10
59367-21637:Jackie Bradley Jr.,59367-21637,OF,Jackie,Jackie Bradley Jr.,Bradley Jr.,6.419512493,41,2300,SD@MIL,MIL,SD,,,,,,OF/UTIL,OF,10
59367-60655:Willy Adames,59367-60655,SS,Willy,Willy Adames,Adames,7.183720788,43,2300,SD@MIL,MIL,SD,,,,,1,SS/UTIL,SS,10
59367-83195:Yonathan Daza,59367-83195,OF,Yonathan,Yonathan Daza,Daza,5.48205136,39,2300,COL@NYM,COL,NYM,,,,,,OF/UTIL,OF,8
59367-85274:DJ Stewart,59367-85274,OF,DJ,DJ Stewart,Stewart,6.31515133,33,2300,BAL@MIN,BAL,MIN,,,,,,OF/UTIL,OF,13
59367-21797:Jose Peraza,59367-21797,2B/OF,Jose,Jose Peraza,Peraza,5.112500191,16,2300,COL@NYM,NYM,COL,DTD,Calf,,,1,2B/OF/UTIL,2B,9
59367-38196:Jake Lamb,59367-38196,1B/3B,Jake,Jake Lamb,Lamb,6.573333232,15,2300,STL@CWS,CWS,STL,,,,,,C/1B/3B/UTIL,C/1B,12
59367-85307:Jeff McNeil,59367-85307,2B/3B,Jeff,Jeff McNeil,McNeil,7.374193745,31,2300,COL@NYM,NYM,COL,IL,Hamstring,,,,2B/3B/UTIL,2B,9
59367-38282:Daniel Vogelbach,59367-38282,1B,Daniel,Daniel Vogelbach,Vogelbach,5.183720788,43,2300,SD@MIL,MIL,SD,,,,,1,C/1B/UTIL,C/1B,10
59367-79255:Jake Bauers,59367-79255,1B,Jake,Jake Bauers,Bauers,3.861111111,36,2300,CLE@DET,CLE,DET,,,,,1,C/1B/UTIL,C/1B,14
59367-101842:Ty France,59367-101842,2B/3B,Ty,Ty France,France,8.816216546,37,2300,SEA@OAK,SEA,OAK,IL,Wrist,,,,2B/3B/UTIL,2B,16
59367-53725:Renato Nunez,59367-53725,1B,Renato,Renato Nunez,Nunez,9.785714286,7,2300,CLE@DET,DET,CLE,,,,,,C/1B/UTIL,C/1B,15
59367-82414:Victor Reyes,59367-82414,OF,Victor,Victor Reyes,Reyes,4.414285569,21,2300,CLE@DET,DET,CLE,,,,,1,OF/UTIL,OF,15
59367-81506:Jordan Luplow,59367-81506,OF,Jordan,Jordan Luplow,Luplow,8.339394309,33,2300,CLE@DET,CLE,DET,,,,,,OF/UTIL,OF,14
59367-17014:Andrelton Simmons,59367-17014,SS,Andrelton,Andrelton Simmons,Simmons,6.964705972,34,2300,BAL@MIN,MIN,BAL,,,,,1,SS/UTIL,SS,11
59367-82555:Willi Castro,59367-82555,3B/SS,Willi,Willi Castro,Castro,6.64444436,36,2300,CLE@DET,DET,CLE,,,,,1,3B/SS/UTIL,3B,15
59367-38571:Travis Shaw,59367-38571,1B/3B,Travis,Travis Shaw,Shaw,7.997618902,42,2300,SD@MIL,MIL,SD,,,,,1,C/1B/3B/UTIL,3B,10
59367-84655:Stevie Wilkerson,59367-84655,OF,Stevie,Stevie Wilkerson,Wilkerson,4.149999936,6,2300,BAL@MIN,BAL,MIN,,,,,1,OF/UTIL,OF,13
59367-119495:Andrew Vaughn,59367-119495,1B/OF,Andrew,Andrew Vaughn,Vaughn,7.525714111,35,2300,STL@CWS,CWS,STL,,,,,1,C/1B/OF/UTIL,C/1B,12
59367-17097:Brandon Nimmo,59367-17097,OF,Brandon,Brandon Nimmo,Nimmo,8.971428281,21,2300,COL@NYM,NYM,COL,IL,Finger,,,,OF/UTIL,OF,9
59367-53993:Harold Ramirez,59367-53993,OF,Harold,Harold Ramirez,Ramirez,6.372222053,18,2300,CLE@DET,CLE,DET,,,,,1,OF/UTIL,OF,14
59367-146160:Ha-Seong Kim,59367-146160,2B/SS,Ha-Seong,Ha-Seong Kim,Kim,5.902631659,38,2300,SD@MIL,SD,MIL,,,,,,2B/SS/UTIL,2B,12
59367-97291:Harold Castro,59367-97291,2B,Harold,Harold Castro,Castro,5.788461538,26,2200,CLE@DET,DET,CLE,,,,,,2B/UTIL,2B,15
59367-104511:Kyle Garlick,59367-104511,OF,Kyle,Kyle Garlick,Garlick,5.980769231,26,2200,BAL@MIN,MIN,BAL,,,,,,OF/UTIL,OF,11
59367-82021:Tomas Nido,59367-82021,C,Tomas,Tomas Nido,Nido,7.347058913,17,2200,COL@NYM,NYM,COL,,,,,,C/1B/UTIL,C/1B,9
59367-13487:Tommy Pham,59367-13487,OF,Tommy,Tommy Pham,Pham,6.381817904,44,2200,SD@MIL,SD,MIL,,,,,1,OF/UTIL,OF,12
59367-60642:Michael Conforto,59367-60642,OF,Michael,Michael Conforto,Conforto,7.803030303,33,2200,COL@NYM,NYM,COL,IL,Hamstring,,,,OF/UTIL,OF,9
59367-38299:Kevin Pillar,59367-38299,OF,Kevin,Kevin Pillar,Pillar,6.428571429,28,2200,COL@NYM,NYM,COL,IL,Nose,,,,OF/UTIL,OF,9
59367-65991:Pedro Severino,59367-65991,C,Pedro,Pedro Severino,Severino,5.605882532,34,2200,BAL@MIN,BAL,MIN,,,,,1,C/1B/UTIL,C/1B,13
59367-13799:Matt Adams,59367-13799,1B,Matt,Matt Adams,Adams,1.266666651,12,2200,COL@NYM,COL,NYM,IL,Lower leg,,,,C/1B/UTIL,C/1B,8
59367-21165:Roberto Perez,59367-21165,C,Roberto,Roberto Perez,Perez,7.721052471,19,2200,CLE@DET,CLE,DET,IL,Finger,,,,C/1B/UTIL,C/1B,14
59367-68478:Chad Pinder,59367-68478,2B/OF,Chad,Chad Pinder,Pinder,8.041666667,12,2200,SEA@OAK,OAK,SEA,,,,,,2B/OF/UTIL,2B,14
59367-6029:Jed Lowrie,59367-6029,2B,Jed,Jed Lowrie,Lowrie,8.773333062,45,2200,SEA@OAK,OAK,SEA,,,,,1,2B/UTIL,2B,14
59367-13209:Manny Pina,59367-13209,C,Manny,Manny Pina,Pina,6.588235294,17,2200,SD@MIL,MIL,SD,,,,,,C/1B/UTIL,C/1B,10
59367-13262:Jurickson Profar,59367-13262,2B/OF,Jurickson,Jurickson Profar,Profar,8.440000153,40,2200,SD@MIL,SD,MIL,,,,,,2B/OF/UTIL,2B,12
59367-68589:Amed Rosario,59367-68589,SS/OF,Amed,Amed Rosario,Rosario,7.535897279,39,2200,CLE@DET,CLE,DET,,,,,1,SS/OF/UTIL,SS,14
59367-54307:Elias Diaz,59367-54307,C,Elias,Elias Diaz,Diaz,3.237499873,24,2100,COL@NYM,COL,NYM,,,,,1,C/1B/UTIL,C/1B,8
59367-21573:Jace Peterson,59367-21573,OF,Jace,Jace Peterson,Peterson,6.859999847,10,2100,SD@MIL,MIL,SD,IL,Thumb,,,,OF/UTIL,OF,10
59367-116841:Sam Haggerty,59367-116841,1B/OF,Sam,Sam Haggerty,Haggerty,5.471428571,35,2100,SEA@OAK,SEA,OAK,,,,,1,C/1B/OF/UTIL,OF,16
59367-135277:Johneshwy Fargas,59367-135277,OF,Johneshwy,Johneshwy Fargas,Fargas,7.78333346,6,2100,COL@NYM,NYM,COL,,,,,1,OF/UTIL,OF,9
59367-38004:Austin Hedges,59367-38004,C,Austin,Austin Hedges,Hedges,4.25,22,2100,CLE@DET,CLE,DET,,,,,1,C/1B/UTIL,C/1B,14
59367-104629:Jack Mayfield,59367-104629,SS,Jack,Jack Mayfield,Mayfield,1.083333333,6,2100,SEA@OAK,SEA,OAK,,,,,,SS/UTIL,SS,16
59367-60641:Nick Gordon,59367-60641,2B,Nick,Nick Gordon,Gordon,18,1,2100,BAL@MIN,MIN,BAL,,,,,,2B/UTIL,2B,11
59367-79104:Zack Collins,59367-79104,C,Zack,Zack Collins,Collins,6.199999723,22,2100,STL@CWS,CWS,STL,,,,,,C/1B/UTIL,C/1B,12
59367-79173:Corey Ray,59367-79173,OF,Corey,Corey Ray,Ray,6.199999809,1,2100,SD@MIL,MIL,SD,,,,,,OF/UTIL,OF,10
59367-79247:Edmundo Sosa,59367-79247,2B,Edmundo,Edmundo Sosa,Sosa,4.957142784,21,2100,STL@CWS,STL,CWS,,,,,1,2B/UTIL,2B,14
59367-38326:Nomar Mazara,59367-38326,OF,Nomar,Nomar Mazara,Mazara,6.685713995,21,2100,CLE@DET,DET,CLE,,,,,,OF/UTIL,OF,15
59367-101833:Luis Barrera,59367-101833,OF,Luis,Luis Barrera,Barrera,0.75,4,2100,SEA@OAK,OAK,SEA,,,,,1,OF/UTIL,OF,14
59367-53757:Rob Refsnyder,59367-53757,2B,Rob,Rob Refsnyder,Refsnyder,8.700000339,9,2100,BAL@MIN,MIN,BAL,,,,,,2B/UTIL,2B,11
59367-12931:Wil Myers,59367-12931,OF,Wil,Wil Myers,Myers,8.472222222,36,2100,SD@MIL,SD,MIL,,,,,1,OF/UTIL,OF,12
59367-17171:James McCann,59367-17171,C,James,James McCann,McCann,4.515151515,33,2100,COL@NYM,NYM,COL,,,,,1,C/1B/UTIL,C/1B,9
59367-13152:Matt Carpenter,59367-13152,1B/3B,Matt,Matt Carpenter,Carpenter,3.746341612,41,2100,STL@CWS,STL,CWS,,,,,1,C/1B/3B/UTIL,3B,14
59367-68471:Tony Kemp,59367-68471,2B,Tony,Tony Kemp,Kemp,5.493333435,30,2100,SEA@OAK,OAK,SEA,,,,,,2B/UTIL,2B,14
59367-6047:Cameron Maybin,59367-6047,OF,Cameron,Cameron Maybin,Maybin,2.25,4,2100,COL@NYM,NYM,COL,,,,,1,OF/UTIL,OF,9
59367-52161:Rio Ruiz,59367-52161,2B/3B,Rio,Rio Ruiz,Ruiz,5.5,32,2100,BAL@MIN,BAL,MIN,,,,,,2B/3B/UTIL,2B,13
59367-80848:Victor Caratini,59367-80848,C,Victor,Victor Caratini,Caratini,7.824242794,33,2100,SD@MIL,SD,MIL,,,,,,C/1B/UTIL,C/1B,12
59367-52179:J.P. Crawford,59367-52179,SS,J.P.,J.P. Crawford,Crawford,6.556521872,46,2100,SEA@OAK,SEA,OAK,,,,,1,SS/UTIL,SS,16
59367-102362:Trevor Larnach,59367-102362,OF,Trevor,Trevor Larnach,Larnach,6.585714068,14,2100,BAL@MIN,MIN,BAL,,,,,1,OF/UTIL,OF,11
59367-102411:Andrew Knizner,59367-102411,C,Andrew,Andrew Knizner,Knizner,3.97083346,24,2000,STL@CWS,STL,CWS,,,,,,C/1B/UTIL,C/1B,14
59367-79896:Luis Torrens,59367-79896,C,Luis,Luis Torrens,Torrens,4.806896341,29,2000,SEA@OAK,SEA,OAK,,,,,,C/1B/UTIL,C/1B,16
59367-13368:Billy Hamilton,59367-13368,OF,Billy,Billy Hamilton,Hamilton,4.603999939,25,2000,STL@CWS,CWS,STL,,,,,,OF/UTIL,OF,12
59367-148547:Scott Hurst,59367-148547,OF,Scott,Scott Hurst,Hurst,0,7,2000,STL@CWS,STL,CWS,IL,Undisclosed,,,,OF/UTIL,OF,14
59367-135276:Patrick Mazeika,59367-135276,C,Patrick,Patrick Mazeika,Mazeika,3.577777863,9,2000,COL@NYM,NYM,COL,,,,,,C/1B/UTIL,C/1B,9
59367-102513:Mario Feliciano,59367-102513,C,Mario,Mario Feliciano,Feliciano,6.199999809,1,2000,SD@MIL,MIL,SD,,,,,,C/1B/UTIL,C/1B,10
59367-135290:John Nogowski,59367-135290,1B,John,John Nogowski,Nogowski,1.026666641,15,2000,STL@CWS,STL,CWS,,,,,,C/1B/UTIL,C/1B,14
59367-135291:Jose Godoy,59367-135291,C,Jose,Jose Godoy,Godoy,4.75,2,2000,SEA@OAK,SEA,OAK,,,,,,C/1B/UTIL,C/1B,16
59367-135288:Alan Trejo,59367-135288,SS,Alan,Alan Trejo,Trejo,2.834782476,23,2000,COL@NYM,COL,NYM,IL,Finger,,,,SS/UTIL,SS,8
59367-135305:Tucupita Marcano,59367-135305,3B,Tucupita,Tucupita Marcano,Marcano,3.483333376,18,2000,SD@MIL,SD,MIL,,,,,,3B/UTIL,3B,12
59367-73875:Jose Martinez,59367-73875,OF,Jose,Jose Martinez,Martinez,5.147058824,34,2000,COL@NYM,NYM,COL,IL,Knee,,,,OF/UTIL,OF,9
59367-73879:Pat Valaika,59367-73879,2B/SS,Pat,Pat Valaika,Valaika,3.838461656,26,2000,BAL@MIN,BAL,MIN,,,,,,2B/SS/UTIL,2B,13
59367-102550:Luis Campusano,59367-102550,C,Luis,Luis Campusano,Campusano,2.227272727,11,2000,SD@MIL,SD,MIL,,,,,,C/1B/UTIL,C/1B,12
59367-102591:Jake Fraley,59367-102591,OF,Jake,Jake Fraley,Fraley,9.780000305,5,2000,SEA@OAK,SEA,OAK,IL,Hamstring,,,,OF/UTIL,OF,16
59367-39125:Tomas Telis,59367-39125,C,Tomas,Tomas Telis,Telis,,,2000,BAL@MIN,MIN,BAL,,,,,,C/1B/UTIL,C/1B,11
59367-60636:Derek Hill,59367-60636,OF,Derek,Derek Hill,Hill,0,2,2000,CLE@DET,DET,CLE,,,,,,OF/UTIL,OF,15
59367-83164:Jake Cave,59367-83164,OF,Jake,Jake Cave,Cave,4.148387294,31,2000,BAL@MIN,MIN,BAL,IL,Back,,,,OF/UTIL,OF,11
59367-83177:Grayson Greiner,59367-83177,C,Grayson,Grayson Greiner,Greiner,4.478571483,14,2000,CLE@DET,DET,CLE,IL,Hamstring,,,,C/1B/UTIL,C/1B,15
59367-5359:Elvis Andrus,59367-5359,SS,Elvis,Elvis Andrus,Andrus,4.306666734,45,2000,SEA@OAK,OAK,SEA,,,,,1,SS/UTIL,SS,14
59367-79093:Eloy Jimenez,59367-79093,OF,Eloy,Eloy Jimenez,Jimenez,11.26727295,55,2000,STL@CWS,CWS,STL,IL,Pectoral,,,,OF/UTIL,OF,12
59367-116994:Donovan Walton,59367-116994,SS,Donovan,Donovan Walton,Walton,4.666666667,6,2000,SEA@OAK,SEA,OAK,,,,,1,SS/UTIL,SS,16
59367-79112:Yu Chang,59367-79112,3B,Yu,Yu Chang,Chang,3.266666554,27,2000,CLE@DET,CLE,DET,,,,,,3B/UTIL,3B,14
59367-5390:Robinson Cano,59367-5390,2B,Robinson,Robinson Cano,Cano,9.951020533,49,2000,COL@NYM,NYM,COL,NA,Suspension,,,,2B/UTIL,2B,9
59367-79127:Derek Fisher,59367-79127,OF,Derek,Derek Fisher,Fisher,6.46875,16,2000,SD@MIL,MIL,SD,IL,Hamstring,,,,OF/UTIL,OF,10
59367-79174:Jacob Nottingham,59367-79174,C,Jacob,Jacob Nottingham,Nottingham,7.487500191,8,2000,SEA@OAK,SEA,OAK,,,,,1,C/1B/UTIL,C/1B,16
59367-79176:JT Riddle,59367-79176,OF,JT,JT Riddle,Riddle,2.299999952,4,2000,BAL@MIN,MIN,BAL,,,,,,OF/UTIL,OF,11
59367-79190:Ben Rortvedt,59367-79190,C,Ben,Ben Rortvedt,Rortvedt,2.600000064,12,2000,BAL@MIN,MIN,BAL,,,,,,C/1B/UTIL,C/1B,11
59367-53593:Patrick Kivlehan,59367-53593,OF,Patrick,Patrick Kivlehan,Kivlehan,5.720000076,5,2000,SD@MIL,SD,MIL,,,,,,OF/UTIL,OF,12
59367-38252:Stephen Piscotty,59367-38252,OF,Stephen,Stephen Piscotty,Piscotty,5.772222307,36,2000,SEA@OAK,OAK,SEA,,,,,,OF/UTIL,OF,14
59367-38276:Albert Almora Jr.,59367-38276,OF,Albert,Albert Almora Jr.,Almora Jr.,0.45999999,20,2000,COL@NYM,NYM,COL,IL,Shoulder,,,,OF/UTIL,OF,9
59367-79240:Aramis Garcia,59367-79240,C,Aramis,Aramis Garcia,Garcia,4.127777947,18,2000,SEA@OAK,OAK,SEA,,,,,,C/1B/UTIL,C/1B,14
59367-118189:Ali Sanchez,59367-118189,C,Ali,Ali Sanchez,Sanchez,6,1,2000,STL@CWS,STL,CWS,,,,,,C/1B/UTIL,C/1B,14
59367-101811:Sam Hilliard,59367-101811,OF,Sam,Sam Hilliard,Hilliard,3.759999847,20,2000,COL@NYM,COL,NYM,,,,,,OF/UTIL,OF,8
59367-84405:John Andreoli,59367-84405,OF,John,John Andreoli,Andreoli,2.199999946,7,2000,SD@MIL,SD,MIL,,,,,,OF/UTIL,OF,12
59367-118204:Ryan McKenna,59367-118204,OF,Ryan,Ryan McKenna,McKenna,2.821739197,23,2000,BAL@MIN,BAL,MIN,,,,,,OF/UTIL,OF,13
59367-101832:Skye Bolt,59367-101832,OF,Skye,Skye Bolt,Bolt,0,2,2000,SEA@OAK,OAK,SEA,,,,,,OF/UTIL,OF,14
59367-101835:Austin Allen,59367-101835,C,Austin,Austin Allen,Allen,9.350000381,2,2000,SEA@OAK,OAK,SEA,,,,,,C/1B/UTIL,C/1B,14
59367-118222:Mark Mathias,59367-118222,2B,Mark,Mark Mathias,Mathias,4.087500095,16,2000,SD@MIL,MIL,SD,IL,Shoulder,,,,2B/UTIL,2B,10
59367-118227:Jorge Ona,59367-118227,OF,Jorge,Jorge Ona,Ona,9.319999695,5,2000,SD@MIL,SD,MIL,IL,Elbow,,,,OF/UTIL,OF,12
59367-101844:Lane Thomas,59367-101844,OF,Lane,Lane Thomas,Thomas,3.558333397,12,2000,STL@CWS,STL,CWS,,,,,,OF/UTIL,OF,14
59367-101850:Ramon Urias,59367-101850,2B,Ramon,Ramon Urias,Urias,4.549999873,24,2000,BAL@MIN,BAL,MIN,,,,,,2B/UTIL,2B,13
59367-101910:Connor Joe,59367-101910,OF,Connor,Connor Joe,Joe,5.126666768,15,2000,COL@NYM,COL,NYM,,,,,,OF/UTIL,OF,8
59367-95776:Pablo Reyes,59367-95776,OF,Pablo,Pablo Reyes,Reyes,3.238888847,18,2000,SD@MIL,MIL,SD,,,,,,OF/UTIL,OF,10
59367-13892:Hernan Perez,59367-13892,3B/OF,Hernan,Hernan Perez,Perez,1.219999981,10,2000,SD@MIL,MIL,SD,,,,,,3B/OF/UTIL,3B,10
59367-80457:Adam Engel,59367-80457,OF,Adam,Adam Engel,Engel,6.227777693,36,2000,STL@CWS,CWS,STL,IL,Hamstring,,,,OF/UTIL,OF,12
59367-72264:Max Moroff,59367-72264,SS,Max,Max Moroff,Moroff,0,4,2000,STL@CWS,STL,CWS,,,,,,SS/UTIL,SS,14
59367-119368:Ryan Jeffers,59367-119368,C,Ryan,Ryan Jeffers,Jeffers,3.645454407,11,2000,BAL@MIN,MIN,BAL,,,,,,C/1B/UTIL,C/1B,11
59367-150096:Ivan Castillo,59367-150096,2B,Ivan,Ivan Castillo,Castillo,3.166666667,3,2000,SD@MIL,SD,MIL,,,,,,2B/UTIL,2B,12
59367-119412:Owen Miller,59367-119412,SS,Owen,Owen Miller,Miller,0,1,2000,CLE@DET,CLE,DET,,,,,1,SS/UTIL,SS,14
59367-82551:Shed Long Jr.,59367-82551,2B,Shed,Shed Long Jr.,Long Jr.,6.544117647,34,2000,SEA@OAK,SEA,OAK,IL,Lower leg,,,,2B/UTIL,2B,16
59367-135801:Jake Hager,59367-135801,1B,Jake,Jake Hager,Hager,1.239999962,5,2000,COL@NYM,NYM,COL,,,,,,C/1B/UTIL,C/1B,9
59367-82556:Taylor Trammell,59367-82556,OF,Taylor,Taylor Trammell,Trammell,7.6259257,27,2000,SEA@OAK,SEA,OAK,,,,,,OF/UTIL,OF,16
59367-118398:Vimael Machin,59367-118398,SS,Vimael,Vimael Machin,Machin,1.744444423,9,2000,SEA@OAK,OAK,SEA,,,,,,SS/UTIL,SS,14
59367-52878:Billy McKinney,59367-52878,OF,Billy,Billy McKinney,McKinney,4.395000076,40,2000,SD@MIL,MIL,SD,,,,,,OF/UTIL,OF,10
59367-82585:Khalil Lee,59367-82585,OF,Khalil,Khalil Lee,Lee,2.116666635,6,2000,COL@NYM,NYM,COL,,,,,1,OF/UTIL,OF,9
59367-82596:Jake Rogers,59367-82596,C,Jake,Jake Rogers,Rogers,7.128571647,7,2000,CLE@DET,DET,CLE,,,,,,C/1B/UTIL,C/1B,15
59367-82605:Keston Hiura,59367-82605,1B/2B,Keston,Keston Hiura,Hiura,5.46538485,26,2000,SD@MIL,MIL,SD,,,,,,C/1B/2B/UTIL,2B,10
59367-21172:Brandon Drury,59367-21172,3B,Brandon,Brandon Drury,Drury,1.5,2,2000,COL@NYM,NYM,COL,,,,,,3B/UTIL,3B,9
59367-114357:Brian O'Grady,59367-114357,C,Brian,Brian O'Grady,O'Grady,3.981818112,11,2000,SD@MIL,SD,MIL,,,,,,C/1B/UTIL,C/1B,12
59367-82612:Brent Rooker,59367-82612,OF,Brent,Brent Rooker,Rooker,4.275000095,8,2000,BAL@MIN,MIN,BAL,,,,,,OF/UTIL,OF,11
59367-82617:Andres Gimenez,59367-82617,2B/SS,Andres,Andres Gimenez,Gimenez,5.534482759,29,2000,CLE@DET,CLE,DET,,,,,,2B/SS/UTIL,2B,14
59367-82616:Luis Guillorme,59367-82616,SS,Luis,Luis Guillorme,Guillorme,2.814285823,14,2000,COL@NYM,NYM,COL,IL,Oblique,,,,SS/UTIL,SS,9
59367-17096:Wilfredo Tovar,59367-17096,SS,Wilfredo,Wilfredo Tovar,Tovar,4.166666667,3,2000,COL@NYM,NYM,COL,,,,,,SS/UTIL,SS,9
59367-82637:Evan White,59367-82637,1B,Evan,Evan White,White,4.903333537,30,2000,SEA@OAK,SEA,OAK,IL,Hip,,,,C/1B/UTIL,C/1B,16
59367-82646:Justin Williams,59367-82646,OF,Justin,Justin Williams,Williams,4.332558211,43,2000,STL@CWS,STL,CWS,,,,,1,OF/UTIL,OF,14
59367-82661:Daniel Johnson,59367-82661,OF,Daniel,Daniel Johnson,Johnson,0,2,2000,CLE@DET,CLE,DET,,,,,,OF/UTIL,OF,14
59367-112379:Tim Lopes,59367-112379,OF,Tim,Tim Lopes,Lopes,6.819565483,46,2000,SD@MIL,MIL,SD,IL,Oblique,,,,OF/UTIL,OF,10
59367-52995:Luke Maile,59367-52995,C,Luke,Luke Maile,Maile,3.837500095,8,2000,SD@MIL,MIL,SD,,,,,,C/1B/UTIL,C/1B,10
59367-84742:Willians Astudillo,59367-84742,C,Willians,Willians Astudillo,Astudillo,5.732257966,31,2000,BAL@MIN,MIN,BAL,,,,,,C/1B/UTIL,C/1B,11
59367-53007:Daniel Robertson,59367-53007,3B,Daniel,Daniel Robertson,Robertson,2.633333297,21,2000,SD@MIL,MIL,SD,,,,,,3B/UTIL,3B,10
59367-5904:Chris Davis,59367-5904,1B,Chris,Chris Davis,Davis,3.068749905,16,2000,BAL@MIN,BAL,MIN,IL,Hip,,,,C/1B/UTIL,C/1B,13
59367-13098:Rene Rivera,59367-13098,C,Rene,Rene Rivera,Rivera,3.028571538,7,2000,CLE@DET,CLE,DET,,,,,,C/1B/UTIL,C/1B,14
59367-82734:Luis Robert,59367-82734,OF,Luis,Luis Robert,Robert,9.607999878,25,2000,STL@CWS,CWS,STL,IL,Hip,,,,OF/UTIL,OF,12
59367-54080:Austin Dean,59367-54080,OF,Austin,Austin Dean,Dean,4.738889058,18,2000,STL@CWS,STL,CWS,,,,,,OF/UTIL,OF,14
59367-68470:JaCoby Jones,59367-68470,OF,JaCoby,JaCoby Jones,Jones,4.508333418,36,2000,CLE@DET,DET,CLE,,,,,,OF/UTIL,OF,15
59367-68492:Chance Sisco,59367-68492,C,Chance,Chance Sisco,Sisco,4.068421213,19,2000,BAL@MIN,BAL,MIN,,,,,,C/1B/UTIL,C/1B,13
59367-13203:Eric Campbell,59367-13203,1B,Eric,Eric Campbell,Campbell,3,1,2000,SEA@OAK,SEA,OAK,,,,,,C/1B/UTIL,C/1B,16
59367-79776:Dom Nunez,59367-79776,C,Dom,Dom Nunez,Nunez,8.34375,32,2000,COL@NYM,COL,NYM,,,,,,C/1B/UTIL,C/1B,8
59367-79785:Jose Marmolejos,59367-79785,1B/OF,Jose,Jose Marmolejos,Marmolejos,5.325806649,31,2000,SEA@OAK,SEA,OAK,,,,,,C/1B/OF/UTIL,OF,16
59367-102320:Luis Gonzalez,59367-102320,OF,Luis,Luis Gonzalez,Gonzalez,0,1,2000,STL@CWS,CWS,STL,,,,,,OF/UTIL,OF,12
59367-52157:Tom Murphy,59367-52157,C,Tom,Tom Murphy,Murphy,5.407407407,27,2000,SEA@OAK,SEA,OAK,,,,,1,C/1B/UTIL,C/1B,16
59367-80836:Tzu-Wei Lin,59367-80836,SS,Tzu-Wei,Tzu-Wei Lin,Lin,0,1,2000,BAL@MIN,MIN,BAL,IL,Undisclosed,,,,SS/UTIL,SS,11
59367-52193:Nick Williams,59367-52193,OF,Nick,Nick Williams,Williams,3.849999905,4,2000,STL@CWS,CWS,STL,,,,,,OF/UTIL,OF,12
59367-68593:Jorge Mateo,59367-68593,2B/OF,Jorge,Jorge Mateo,Mateo,4.248148035,27,2000,SD@MIL,SD,MIL,,,,,,2B/OF/UTIL,2B,12
