Player ID + Player Name,Id,Position_new,First Name,Nickname,Last Name,FPPG,Played,Salary,Game,Team,Opponent,Injury Indicator,Injury Details,Tier,Probable Pitcher,Batting Order,Roster Position,Position,Mscore
59436-52859:Jacob deGrom,59436-52859,P,Jacob,Jacob deGrom,deGrom,57.33333333,6,12000,COL@NYM,NYM,COL,,Side,,Yes,1,P,P,30
59436-5481:Max Scherzer,59436-5481,P,Max,Max Scherzer,Scherzer,44.33333333,9,11000,CIN@WSH,WSH,CIN,,,,Yes,1,P,P,30
59436-38000:Kevin Gausman,59436-38000,P,Kevin,Kevin Gausman,Gausman,44.77777778,9,10800,SF@ARI,SF,ARI,,,,Yes,1,P,P,20
59436-79246:Jack Flaherty,59436-79246,P,Jack,Jack Flaherty,Flaherty,39.55555556,9,10500,STL@CWS,STL,CWS,,,,Yes,1,P,P,29
59436-82604:Corbin Burnes,59436-82604,P,Corbin,Corbin Burnes,Burnes,47.14285714,7,10200,SD@MIL,MIL,SD,,,,Yes,1,P,P,25
59436-5427:Clayton Kershaw,59436-5427,P,Clayton,Clayton Kershaw,Kershaw,30.41666667,12,10000,LAD@HOU,LAD,HOU,,,,Yes,1,P,P,25
59436-82557:Aaron Civale,59436-82557,P,Aaron,Aaron Civale,Civale,34.55555556,9,8800,CLE@DET,CLE,DET,,,,Yes,1,P,P,20
59436-52198:Lucas Giolito,59436-52198,P,Lucas,Lucas Giolito,Giolito,31.77777778,9,8500,STL@CWS,CWS,STL,,,,Yes,1,P,P,20
59436-68523:Joe Musgrove,59436-68523,P,Joe,Joe Musgrove,Musgrove,25.78571429,14,8400,SD@MIL,SD,MIL,,,,Yes,1,P,P,28
59436-13019:Garrett Richards,59436-13019,P,Garrett,Garrett Richards,Richards,27.77777778,9,8300,ATL@BOS,BOS,ATL,,,,Yes,1,P,P,20
59436-5983:Rich Hill,59436-5983,P,Rich,Rich Hill,Hill,27.11111111,9,8200,KC@TB,TB,KC,,,,Yes,1,P,P,22
59436-13627:Corey Kluber,59436-13627,P,Corey,Corey Kluber,Kluber,32.11111111,9,8100,TOR@NYY,NYY,TOR,,,,Yes,1,P,P,28
59436-60639:Jose Berrios,59436-60639,P,Jose,Jose Berrios,Berrios,31.77777778,9,8000,BAL@MIN,MIN,BAL,,,,Yes,1,P,P,25
59436-5522:Zack Greinke,59436-5522,P,Zack,Zack Greinke,Greinke,29.6,10,7700,LAD@HOU,HOU,LAD,,,,Yes,1,P,P,28
59436-52167:Andrew Heaney,59436-52167,P,Andrew,Andrew Heaney,Heaney,27,8,7600,TEX@LAA,LAA,TEX,,,,Yes,1,P,P,20
59436-79109:Tyler Mahle,59436-79109,P,Tyler,Tyler Mahle,Mahle,28.22222222,9,7500,CIN@WSH,CIN,WSH,,,,Yes,1,P,P,29
59436-52174:Steven Matz,59436-52174,P,Steven,Steven Matz,Matz,29,9,7300,TOR@NYY,TOR,NYY,,,,Yes,1,P,P,20
59436-85269:Cole Irvin,59436-85269,P,Cole,Cole Irvin,Irvin,28.11111111,9,7200,SEA@OAK,OAK,SEA,,,,Yes,1,P,P,20
59436-5466:Charlie Morton,59436-5466,P,Charlie,Charlie Morton,Morton,27.33333333,9,7000,ATL@BOS,ATL,BOS,,,,Yes,1,P,P,20
59436-79072:Brad Keller,59436-79072,P,Brad,Brad Keller,Keller,17.44444444,9,6900,KC@TB,KC,TB,,,,Yes,1,P,P,20
59436-119340:Tarik Skubal,59436-119340,P,Tarik,Tarik Skubal,Skubal,19,9,6600,CLE@DET,DET,CLE,,,,Yes,1,P,P,20
59436-60632:Kyle Freeland,59436-60632,P,Kyle,Kyle Freeland,Freeland,22.76923077,13,6600,COL@NYM,COL,NYM,IL,Shoulder,,Yes,1,P,P,20
59436-102447:Dean Kremer,59436-102447,P,Dean,Dean Kremer,Kremer,16.25,8,6200,BAL@MIN,BAL,MIN,,,,Yes,1,P,P,15
59436-147155:Hyeon-Jong Yang,59436-147155,P,Hyeon-Jong,Hyeon-Jong Yang,Yang,17,5,6000,TEX@LAA,TEX,LAA,,,,Yes,1,P,P,20
59436-102396:Logan Gilbert,59436-102396,P,Logan,Logan Gilbert,Gilbert,10,2,5800,SEA@OAK,SEA,OAK,,,,Yes,1,P,P,20
59436-102334:Corbin Martin,59436-102334,P,Corbin,Corbin Martin,Martin,24,1,5500,SF@ARI,ARI,SF,,,,Yes,1,P,P,20
59436-79756:Ronald Acuna Jr.,59436-79756,OF,Ronald,Ronald Acuna Jr.,Acuna Jr.,14.83488429,43,4500,ATL@BOS,ATL,BOS,,,,,1,OF/UTIL,OF,14
59436-79393:Fernando Tatis Jr.,59436-79393,SS,Fernando,Fernando Tatis Jr.,Tatis Jr.,17.16129032,31,4400,SD@MIL,SD,MIL,,,,,1,SS/UTIL,SS,11
59436-79273:Vladimir Guerrero Jr.,59436-79273,1B/3B,Vladimir,Vladimir Guerrero Jr.,Guerrero Jr.,15.06304401,46,4300,TOR@NYY,TOR,NYY,,,,,1,C/1B/3B/UTIL,C/1B,13
59436-53401:Trey Mancini,59436-53401,1B/OF,Trey,Trey Mancini,Mancini,12.10851012,47,4200,BAL@MIN,BAL,MIN,,,,,1,C/1B/OF/UTIL,C/1B,10
59436-13540:J.D. Martinez,59436-13540,OF,J.D.,J.D. Martinez,Martinez,13.97999946,45,4200,ATL@BOS,BOS,ATL,,,,,1,OF/UTIL,OF,15
59436-38976:Jose Ramirez,59436-38976,3B,Jose,Jose Ramirez,Ramirez,12.42666694,45,4100,CLE@DET,CLE,DET,,,,,1,3B/UTIL,3B,14
59436-82440:Shohei Ohtani,59436-82440,OF,Shohei,Shohei Ohtani,Ohtani,13.30217444,46,4100,TEX@LAA,LAA,TEX,,,,,1,OF/UTIL,OF,12
59436-39086:Byron Buxton,59436-39086,OF,Byron,Byron Buxton,Buxton,15.88749949,24,4000,BAL@MIN,MIN,BAL,IL,Hip,,,,OF/UTIL,OF,10
59436-39151:Mookie Betts,59436-39151,OF,Mookie,Mookie Betts,Betts,12.02631579,38,4000,LAD@HOU,LAD,HOU,DTD,Shoulder,,,1,OF/UTIL,OF,10
59436-11334:Freddie Freeman,59436-11334,1B,Freddie,Freddie Freeman,Freeman,11.92391304,46,4000,ATL@BOS,ATL,BOS,,,,,1,C/1B/UTIL,C/1B,14
59436-79282:Juan Soto,59436-79282,OF,Juan,Juan Soto,Soto,10.36969734,33,4000,CIN@WSH,WSH,CIN,,,,,1,OF/UTIL,OF,12
59436-65881:Trea Turner,59436-65881,SS,Trea,Trea Turner,Turner,12.47209274,43,3900,CIN@WSH,WSH,CIN,,,,,1,SS/UTIL,SS,12
59436-52176:Max Muncy,59436-52176,1B/2B,Max,Max Muncy,Muncy,12.62000054,45,3900,LAD@HOU,LAD,HOU,,,,,1,C/1B/2B/UTIL,2B,10
59436-52180:Austin Meadows,59436-52180,OF,Austin,Austin Meadows,Meadows,11.35227273,44,3900,KC@TB,TB,KC,,,,,1,OF/UTIL,OF,11
59436-52187:Ji-Man Choi,59436-52187,1B,Ji-Man,Ji-Man Choi,Choi,16.04999924,8,3900,KC@TB,TB,KC,DTD,Knee,,,1,C/1B/UTIL,C/1B,11
59436-13342:Nick Castellanos,59436-13342,OF,Nick,Nick Castellanos,Castellanos,14.50243843,41,3900,CIN@WSH,CIN,WSH,,,,,1,OF/UTIL,OF,10
59436-21609:Christian Yelich,59436-21609,OF,Christian,Christian Yelich,Yelich,10.06666667,15,3900,SD@MIL,MIL,SD,,,,,1,OF/UTIL,OF,13
59436-21705:Marcus Semien,59436-21705,2B/SS,Marcus,Marcus Semien,Semien,13.24347853,46,3900,TOR@NYY,TOR,NYY,,,,,1,2B/SS/UTIL,2B,13
59436-6292:Buster Posey,59436-6292,1B,Buster,Buster Posey,Posey,12.6299998,30,3800,SF@ARI,SF,ARI,,,,,1,C/1B/UTIL,C/1B,13
59436-82654:Bo Bichette,59436-82654,SS,Bo,Bo Bichette,Bichette,12.39347773,46,3800,TOR@NYY,TOR,NYY,,,,,1,SS/UTIL,SS,13
59436-68585:Rafael Devers,59436-68585,3B,Rafael,Rafael Devers,Devers,13.56666667,45,3800,ATL@BOS,BOS,ATL,,,,,1,3B/UTIL,3B,15
59436-85261:Randy Arozarena,59436-85261,OF,Randy,Randy Arozarena,Arozarena,12.09111057,45,3800,KC@TB,TB,KC,,,,,1,OF/UTIL,OF,11
59436-38872:Jesse Winker,59436-38872,OF,Jesse,Jesse Winker,Winker,14.6102561,39,3800,CIN@WSH,CIN,WSH,,,,,1,OF/UTIL,OF,10
59436-104483:Jared Walsh,59436-104483,1B,Jared,Jared Walsh,Walsh,11.6,45,3700,TEX@LAA,LAA,TEX,,,,,1,C/1B/UTIL,C/1B,12
59436-14562:Jose Altuve,59436-14562,2B,Jose,Jose Altuve,Altuve,11.41944461,36,3700,LAD@HOU,HOU,LAD,,,,,1,2B/UTIL,2B,12
59436-83155:Ramon Laureano,59436-83155,OF,Ramon,Ramon Laureano,Laureano,11.89111057,45,3700,SEA@OAK,OAK,SEA,,,,,1,OF/UTIL,OF,14
59436-60631:Kyle Schwarber,59436-60631,OF,Kyle,Kyle Schwarber,Schwarber,10.90555573,36,3700,CIN@WSH,WSH,CIN,,,,,1,OF/UTIL,OF,12
59436-60643:Aaron Judge,59436-60643,OF,Aaron,Aaron Judge,Judge,11.58636336,44,3700,TOR@NYY,NYY,TOR,,,,,1,OF/UTIL,OF,13
59436-13719:Nolan Arenado,59436-13719,3B,Nolan,Nolan Arenado,Arenado,11.29787234,47,3700,STL@CWS,STL,CWS,,,,,1,3B/UTIL,3B,10
59436-16951:Anthony Rendon,59436-16951,3B,Anthony,Anthony Rendon,Rendon,8.638461773,26,3600,TEX@LAA,LAA,TEX,,,,,1,3B/UTIL,3B,12
59436-52175:Matt Olson,59436-52175,1B,Matt,Matt Olson,Olson,11.67907005,43,3600,SEA@OAK,OAK,SEA,,,,,1,C/1B/UTIL,C/1B,14
59436-37982:Xander Bogaerts,59436-37982,SS,Xander,Xander Bogaerts,Bogaerts,12.78666721,45,3600,ATL@BOS,BOS,ATL,,,,,1,SS/UTIL,SS,15
59436-21853:Ketel Marte,59436-21853,2B/OF,Ketel,Ketel Marte,Marte,11.01818154,11,3600,SF@ARI,ARI,SF,,,,,1,2B/OF/UTIL,OF,10
59436-73871:Carson Kelly,59436-73871,C,Carson,Carson Kelly,Kelly,12.34642901,28,3500,SF@ARI,ARI,SF,,,,,1,C/1B/UTIL,C/1B,10
59436-49523:Jose Abreu,59436-49523,1B,Jose,Jose Abreu,Abreu,11.59761919,42,3500,STL@CWS,CWS,STL,,,,,,C/1B/UTIL,C/1B,12
59436-16983:George Springer,59436-16983,OF,George,George Springer,Springer,14.77499962,4,3500,TOR@NYY,TOR,NYY,IL,Quadriceps,,,,OF/UTIL,OF,13
59436-12933:Mike Trout,59436-12933,OF,Mike,Mike Trout,Trout,12.62777795,36,3500,TEX@LAA,LAA,TEX,IL,Calf,,,,OF/UTIL,OF,12
59436-5221:Asdrubal Cabrera,59436-5221,1B/3B,Asdrubal,Asdrubal Cabrera,Cabrera,10.25294136,34,3500,SF@ARI,ARI,SF,IL,Hamstring,,,,C/1B/3B/UTIL,3B,10
59436-21666:Mark Canha,59436-21666,OF,Mark,Mark Canha,Canha,12.1936165,47,3500,SEA@OAK,OAK,SEA,,,,,1,OF/UTIL,OF,14
59436-79159:Cody Bellinger,59436-79159,1B/OF,Cody,Cody Bellinger,Bellinger,10.10000038,4,3500,LAD@HOU,LAD,HOU,IL,Lower leg,,,,C/1B/OF/UTIL,OF,10
59436-79175:Trent Grisham,59436-79175,OF,Trent,Trent Grisham,Grisham,11.90555573,36,3500,SD@MIL,SD,MIL,IL,Heel,,,,OF/UTIL,OF,11
59436-73159:Mitch Haniger,59436-73159,OF,Mitch,Mitch Haniger,Haniger,12.29565164,46,3500,SEA@OAK,SEA,OAK,,,,,1,OF/UTIL,OF,11
59436-85504:Brandon Lowe,59436-85504,2B/OF,Brandon,Brandon Lowe,Lowe,9.746666802,45,3500,KC@TB,TB,KC,,,,,1,2B/OF/UTIL,OF,11
59436-5763:Nelson Cruz,59436-5763,OF,Nelson,Nelson Cruz,Cruz,10.32857114,42,3500,BAL@MIN,MIN,BAL,DTD,Wrist,,,1,OF/UTIL,OF,10
59436-38561:Chris Taylor,59436-38561,2B/OF,Chris,Chris Taylor,Taylor,12.28333391,42,3500,LAD@HOU,LAD,HOU,,,,,1,2B/OF/UTIL,OF,10
59436-68522:Alex Bregman,59436-68522,3B,Alex,Alex Bregman,Bregman,11.15500031,40,3400,LAD@HOU,HOU,LAD,,,,,1,3B/UTIL,3B,12
59436-85520:Adolis Garcia,59436-85520,OF,Adolis,Adolis Garcia,Garcia,13.75897373,39,3400,TEX@LAA,TEX,LAA,,,,,1,OF/UTIL,OF,11
59436-12310:Carlos Santana,59436-12310,1B,Carlos,Carlos Santana,Santana,11.87333306,45,3300,KC@TB,KC,TB,,,,,1,C/1B/UTIL,C/1B,12
59436-73832:Joey Wendle,59436-73832,2B/3B,Joey,Joey Wendle,Wendle,10.74222209,45,3300,KC@TB,TB,KC,,,,,1,2B/3B/UTIL,2B,11
59436-52158:Trevor Story,59436-52158,SS,Trevor,Trevor Story,Story,10.44042579,47,3300,COL@NYM,COL,NYM,,,,,1,SS/UTIL,SS,9
59436-73023:Teoscar Hernandez,59436-73023,OF,Teoscar,Teoscar Hernandez,Hernandez,12.83666687,30,3300,TOR@NYY,TOR,NYY,,,,,1,OF/UTIL,OF,13
59436-82575:Yordan Alvarez,59436-82575,OF,Yordan,Yordan Alvarez,Alvarez,11.70769246,39,3200,LAD@HOU,HOU,LAD,,,,,1,OF/UTIL,OF,12
59436-53994:Josh Bell,59436-53994,1B,Josh,Josh Bell,Bell,9.236363266,33,3200,CIN@WSH,WSH,CIN,,,,,1,C/1B/UTIL,C/1B,12
59436-13239:Eduardo Escobar,59436-13239,3B/2B,Eduardo,Eduardo Escobar,Escobar,10.69574494,47,3200,SF@ARI,ARI,SF,,,,,1,2B/3B/UTIL,2B,10
59436-60672:Tim Anderson,59436-60672,SS,Tim,Tim Anderson,Anderson,11.38611094,36,3200,STL@CWS,CWS,STL,,,,,1,SS/UTIL,SS,12
59436-6312:Justin Turner,59436-6312,3B,Justin,Justin Turner,Turner,10.40681804,44,3100,LAD@HOU,LAD,HOU,,,,,1,3B/UTIL,3B,10
59436-13771:Josh Harrison,59436-13771,2B/3B,Josh,Josh Harrison,Harrison,9.882352941,34,3100,CIN@WSH,WSH,CIN,,,,,1,2B/3B/UTIL,2B,12
59436-79401:Will Smith,59436-79401,C,Will,Will Smith,Smith,10.3324321,37,3100,LAD@HOU,LAD,HOU,,,,,1,C/1B/UTIL,C/1B,10
59436-53033:Mike Yastrzemski,59436-53033,OF,Mike,Mike Yastrzemski,Yastrzemski,9.764864535,37,3100,SF@ARI,SF,ARI,,,,,1,OF/UTIL,OF,13
59436-71507:Yuli Gurriel,59436-71507,1B,Yuli,Yuli Gurriel,Gurriel,11.92000054,45,3100,LAD@HOU,HOU,LAD,,,,,1,C/1B/UTIL,C/1B,12
59436-79884:Anthony Santander,59436-79884,OF,Anthony,Anthony Santander,Santander,8.755000305,20,3000,BAL@MIN,BAL,MIN,,,,,1,OF/UTIL,OF,10
59436-12302:Giancarlo Stanton,59436-12302,OF,Giancarlo,Giancarlo Stanton,Stanton,11.64242461,33,3000,TOR@NYY,NYY,TOR,IL,Quadriceps,,,,OF/UTIL,OF,13
59436-81953:Austin Hays,59436-81953,OF,Austin,Austin Hays,Hays,10.41562462,32,3000,BAL@MIN,BAL,MIN,DTD,Hamstring,,,1,OF/UTIL,OF,10
59436-6197:Justin Upton,59436-6197,OF,Justin,Justin Upton,Upton,8.389743903,39,3000,TEX@LAA,LAA,TEX,,,,,1,OF/UTIL,OF,12
59436-84133:Franmil Reyes,59436-84133,OF,Franmil,Franmil Reyes,Reyes,11.56750031,40,3000,CLE@DET,CLE,DET,IL,Oblique,,,,OF/UTIL,OF,14
59436-12961:Brandon Crawford,59436-12961,SS,Brandon,Brandon Crawford,Crawford,11.51750031,40,3000,SF@ARI,SF,ARI,,,,,1,SS/UTIL,SS,13
59436-12968:Paul Goldschmidt,59436-12968,1B,Paul,Paul Goldschmidt,Goldschmidt,10.00444472,45,3000,STL@CWS,STL,CWS,,,,,1,C/1B/UTIL,C/1B,10
59436-82614:Pete Alonso,59436-82614,1B,Pete,Pete Alonso,Alonso,9.963889228,36,3000,COL@NYM,NYM,COL,IL,Hand,,,,C/1B/UTIL,C/1B,10
59436-17086:Marcell Ozuna,59436-17086,OF,Marcell,Marcell Ozuna,Ozuna,8.653191749,47,3000,ATL@BOS,ATL,BOS,,,,,1,OF/UTIL,OF,14
59436-70562:Whit Merrifield,59436-70562,2B/OF,Whit,Whit Merrifield,Merrifield,11.25777791,45,3000,KC@TB,KC,TB,,,,,1,2B/OF/UTIL,OF,12
59436-68544:Matt Chapman,59436-68544,3B,Matt,Matt Chapman,Chapman,8.053061349,49,3000,SEA@OAK,OAK,SEA,,,,,1,3B/UTIL,3B,14
59436-68547:Tyler O'Neill,59436-68547,OF,Tyler,Tyler O'Neill,O'Neill,10.50666707,30,3000,STL@CWS,STL,CWS,IL,Finger,,,,OF/UTIL,OF,10
59436-52164:Adalberto Mondesi,59436-52164,2B/SS,Adalberto,Adalberto Mondesi,Mondesi,10.77288094,59,3000,KC@TB,KC,TB,IL,Oblique,,,,2B/SS/UTIL,2B,12
59436-13303:Yasmani Grandal,59436-13303,C,Yasmani,Yasmani Grandal,Grandal,10.30909128,33,3000,STL@CWS,CWS,STL,,,,,1,C/1B/UTIL,C/1B,12
59436-79074:Austin Riley,59436-79074,3B,Austin,Austin Riley,Riley,10.42340413,47,3000,ATL@BOS,ATL,BOS,,,,,1,3B/UTIL,3B,14
59436-13567:DJ LeMahieu,59436-13567,2B/3B,DJ,DJ LeMahieu,LeMahieu,9.222726995,44,3000,TOR@NYY,NYY,TOR,,,,,1,2B/3B/UTIL,2B,13
59436-38412:Corey Seager,59436-38412,SS,Corey,Corey Seager,Seager,10.78378378,37,3000,LAD@HOU,LAD,HOU,IL,Hand,,,,SS/UTIL,SS,10
59436-13854:Robbie Grossman,59436-13854,OF,Robbie,Robbie Grossman,Grossman,11.093478,46,3000,CLE@DET,DET,CLE,,,,,1,OF/UTIL,OF,10
59436-13966:Kyle Seager,59436-13966,3B,Kyle,Kyle Seager,Seager,9.762500127,48,3000,SEA@OAK,SEA,OAK,,,,,1,3B/UTIL,3B,11
59436-38614:Carlos Correa,59436-38614,SS,Carlos,Carlos Correa,Correa,9.768889025,45,3000,LAD@HOU,HOU,LAD,,,,,1,SS/UTIL,SS,12
59436-102284:William Contreras,59436-102284,C,William,William Contreras,Contreras,10.73529412,17,3000,ATL@BOS,ATL,BOS,,,,,1,C/1B/UTIL,C/1B,14
59436-61553:Yoan Moncada,59436-61553,3B,Yoan,Yoan Moncada,Moncada,10.06590895,44,2900,STL@CWS,CWS,STL,,,,,1,3B/UTIL,3B,12
59436-53586:David Peralta,59436-53586,OF,David,David Peralta,Peralta,10.07111138,45,2900,SF@ARI,ARI,SF,,,,,1,OF/UTIL,OF,10
59436-12985:Avisail Garcia,59436-12985,OF,Avisail,Avisail Garcia,Garcia,10.16976716,43,2900,SD@MIL,MIL,SD,,,,,1,OF/UTIL,OF,13
59436-13229:Charlie Blackmon,59436-13229,OF,Charlie,Charlie Blackmon,Blackmon,8.111363498,44,2900,COL@NYM,COL,NYM,,,,,1,OF/UTIL,OF,9
59436-68587:Ozzie Albies,59436-68587,2B,Ozzie,Ozzie Albies,Albies,11.12888862,45,2900,ATL@BOS,ATL,BOS,,,,,1,2B/UTIL,2B,14
59436-13354:Cesar Hernandez,59436-13354,2B,Cesar,Cesar Hernandez,Hernandez,8.931818182,44,2900,CLE@DET,CLE,DET,,,,,1,2B/UTIL,2B,14
59436-21875:Max Kepler,59436-21875,OF,Max,Max Kepler,Kepler,11.28823494,34,2900,BAL@MIN,MIN,BAL,DTD,Undisclosed,,,1,OF/UTIL,OF,10
59436-38293:Tyler Naquin,59436-38293,OF,Tyler,Tyler Naquin,Naquin,10.81500015,40,2900,CIN@WSH,CIN,WSH,,,,,1,OF/UTIL,OF,10
59436-5607:Evan Longoria,59436-5607,3B,Evan,Evan Longoria,Longoria,8.646341463,41,2900,SF@ARI,SF,ARI,,,,,1,3B/UTIL,3B,13
59436-13929:Manny Machado,59436-13929,3B,Manny,Manny Machado,Machado,10.82325567,43,2900,SD@MIL,SD,MIL,DTD,Shoulder,,,1,3B/UTIL,3B,11
59436-6273:Michael Brantley,59436-6273,OF,Michael,Michael Brantley,Brantley,9.597560976,41,2800,LAD@HOU,HOU,LAD,,,,,1,OF/UTIL,OF,12
59436-16950:Miguel Sano,59436-16950,1B,Miguel,Miguel Sano,Sano,9.959375381,32,2800,BAL@MIN,MIN,BAL,,,,,1,C/1B/UTIL,C/1B,10
59436-82530:Pavin Smith,59436-82530,1B/OF,Pavin,Pavin Smith,Smith,8.344444444,45,2800,SF@ARI,ARI,SF,,,,,1,C/1B/OF/UTIL,OF,10
59436-12900:Brandon Belt,59436-12900,1B,Brandon,Brandon Belt,Belt,9.3564101,39,2800,SF@ARI,SF,ARI,,,,,1,C/1B/UTIL,C/1B,13
59436-82624:Sean Murphy,59436-82624,C,Sean,Sean Murphy,Murphy,8.034999847,40,2800,SEA@OAK,OAK,SEA,,,,,1,C/1B/UTIL,C/1B,14
59436-68514:Ryan McMahon,59436-68514,2B/3B,Ryan,Ryan McMahon,McMahon,11.13333384,48,2800,COL@NYM,COL,NYM,,,,,1,2B/3B/UTIL,2B,9
59436-13266:Salvador Perez,59436-13266,C,Salvador,Salvador Perez,Perez,9.788888889,45,2800,KC@TB,KC,TB,,,,,1,C/1B/UTIL,C/1B,12
59436-37983:Mike Zunino,59436-37983,C,Mike,Mike Zunino,Zunino,10.91935484,31,2800,KC@TB,TB,KC,,,,,,C/1B/UTIL,C/1B,11
59436-21633:Eugenio Suarez,59436-21633,3B/SS,Eugenio,Eugenio Suarez,Suarez,8.763636502,44,2800,CIN@WSH,CIN,WSH,,,,,1,3B/SS/UTIL,3B,10
59436-54401:Manuel Margot,59436-54401,OF,Manuel,Manuel Margot,Margot,9.195454684,44,2800,KC@TB,TB,KC,,,,,,OF/UTIL,OF,11
59436-79125:Kyle Tucker,59436-79125,OF,Kyle,Kyle Tucker,Tucker,10.70638324,47,2800,LAD@HOU,HOU,LAD,,,,,1,OF/UTIL,OF,12
59436-79160:Alex Verdugo,59436-79160,OF,Alex,Alex Verdugo,Verdugo,10.45454545,44,2800,ATL@BOS,BOS,ATL,DTD,Hamstring,,,1,OF/UTIL,OF,15
59436-79165:Gavin Lux,59436-79165,2B/SS,Gavin,Gavin Lux,Lux,8.318918589,37,2800,LAD@HOU,LAD,HOU,,,,,1,2B/SS/UTIL,2B,10
59436-79188:Alex Kirilloff,59436-79188,OF,Alex,Alex Kirilloff,Kirilloff,11.27499962,16,2800,BAL@MIN,MIN,BAL,,,,,1,OF/UTIL,OF,10
59436-118210:Jake Cronenworth,59436-118210,1B/2B,Jake,Jake Cronenworth,Cronenworth,10.31041654,48,2800,SD@MIL,SD,MIL,,,,,1,C/1B/2B/UTIL,2B,11
59436-71182:Jeimer Candelario,59436-71182,1B/3B,Jeimer,Jeimer Candelario,Candelario,8.817777507,45,2800,CLE@DET,DET,CLE,,,,,1,C/1B/3B/UTIL,3B,10
59436-38965:C.J. Cron,59436-38965,1B,C.J.,C.J. Cron,Cron,9.79142892,35,2700,COL@NYM,COL,NYM,,,,,1,C/1B/UTIL,C/1B,9
59436-12434:Lorenzo Cain,59436-12434,OF,Lorenzo,Lorenzo Cain,Cain,8.692000122,25,2700,SD@MIL,MIL,SD,,,,,1,OF/UTIL,OF,10
59436-16952:Francisco Lindor,59436-16952,SS,Francisco,Francisco Lindor,Lindor,7.557499695,40,2700,COL@NYM,NYM,COL,,,,,1,SS/UTIL,SS,10
59436-12919:Jose Iglesias,59436-12919,SS,Jose,Jose Iglesias,Iglesias,7.588371809,43,2700,TEX@LAA,LAA,TEX,,,,,1,SS/UTIL,SS,12
59436-113309:Josh Rojas,59436-113309,2B/SS,Josh,Josh Rojas,Rojas,8.693022972,43,2700,SF@ARI,ARI,SF,,,,,1,2B/SS/UTIL,2B,10
59436-82620:Nick Solak,59436-82620,2B/OF,Nick,Nick Solak,Solak,10.33469375,49,2700,TEX@LAA,TEX,LAA,,,,,1,2B/OF/UTIL,OF,11
59436-68586:Dansby Swanson,59436-68586,SS,Dansby,Dansby Swanson,Swanson,8.904255319,47,2700,ATL@BOS,ATL,BOS,,,,,1,SS/UTIL,SS,14
59436-68588:Gleyber Torres,59436-68588,SS/2B,Gleyber,Gleyber Torres,Torres,8.921052632,38,2700,TOR@NYY,NYY,TOR,,,,,1,2B/SS/UTIL,2B,13
59436-79170:Willie Calhoun,59436-79170,OF,Willie,Willie Calhoun,Calhoun,8.783870574,31,2700,TEX@LAA,TEX,LAA,,,,,1,OF/UTIL,OF,11
59436-79238:Steven Duggar,59436-79238,OF,Steven,Steven Duggar,Duggar,6.4095241,21,2700,SF@ARI,SF,ARI,,,,,,OF/UTIL,OF,13
59436-38321:Joey Gallo,59436-38321,OF,Joey,Joey Gallo,Gallo,9.580850804,47,2700,TEX@LAA,TEX,LAA,,,,,1,OF/UTIL,OF,11
59436-13792:Kike Hernandez,59436-13792,2B/OF,Kike,Kike Hernandez,Hernandez,9.466666328,36,2700,ATL@BOS,BOS,ATL,,,,,1,2B/OF/UTIL,OF,15
59436-13851:Danny Santana,59436-13851,OF,Danny,Danny Santana,Santana,16.46666718,3,2700,ATL@BOS,BOS,ATL,,,,,,OF/UTIL,OF,15
59436-13909:Randal Grichuk,59436-13909,OF,Randal,Randal Grichuk,Grichuk,10.06521739,46,2700,TOR@NYY,TOR,NYY,,,,,1,OF/UTIL,OF,13
59436-81506:Jordan Luplow,59436-81506,OF,Jordan,Jordan Luplow,Luplow,8.094118006,34,2700,CLE@DET,CLE,DET,,,,,1,OF/UTIL,OF,14
59436-12113:Josh Donaldson,59436-12113,3B,Josh,Josh Donaldson,Donaldson,9.27499983,36,2700,BAL@MIN,MIN,BAL,,,,,1,3B/UTIL,3B,10
59436-16948:Kolten Wong,59436-16948,2B,Kolten,Kolten Wong,Wong,9.251428223,35,2600,SD@MIL,MIL,SD,,,,,1,2B/UTIL,2B,10
59436-21074:Michael A. Taylor,59436-21074,OF,Michael A.,Michael A. Taylor,Taylor,7.887804729,41,2600,KC@TB,KC,TB,,,,,1,OF/UTIL,OF,12
59436-12928:Eric Hosmer,59436-12928,1B,Eric,Eric Hosmer,Hosmer,9.85,40,2600,SD@MIL,SD,MIL,,,,,1,C/1B/UTIL,C/1B,11
59436-13102:Freddy Galvis,59436-13102,2B/SS,Freddy,Freddy Galvis,Galvis,9.016666957,42,2600,BAL@MIN,BAL,MIN,,,,,1,2B/SS/UTIL,2B,10
59436-80838:Luke Voit,59436-80838,1B,Luke,Luke Voit,Voit,6.481818459,11,2600,TOR@NYY,NYY,TOR,,,,,1,C/1B/UTIL,C/1B,13
59436-13430:Jonathan Villar,59436-13430,2B/3B/SS,Jonathan,Jonathan Villar,Villar,6.936842266,38,2600,COL@NYM,NYM,COL,,,,,1,2B/3B/SS/UTIL,2B,10
59436-38040:Eddie Rosario,59436-38040,OF,Eddie,Eddie Rosario,Rosario,8.162790698,43,2600,CLE@DET,CLE,DET,,,,,1,OF/UTIL,OF,14
59436-79120:Yandy Diaz,59436-79120,1B/3B,Yandy,Yandy Diaz,Diaz,7.431110975,45,2600,KC@TB,TB,KC,,,,,1,C/1B/3B/UTIL,3B,11
59436-79156:David Fletcher,59436-79156,2B/SS,David,David Fletcher,Fletcher,7.169767158,43,2600,TEX@LAA,LAA,TEX,,,,,1,2B/SS/UTIL,2B,12
59436-13706:Adam Eaton,59436-13706,OF,Adam,Adam Eaton,Eaton,9.017949031,39,2600,STL@CWS,CWS,STL,,,,,,OF/UTIL,OF,12
59436-6029:Jed Lowrie,59436-6029,2B,Jed,Jed Lowrie,Lowrie,8.647825822,46,2600,SEA@OAK,OAK,SEA,,,,,1,2B/UTIL,2B,14
59436-108450:Tommy Edman,59436-108450,2B/OF,Tommy,Tommy Edman,Edman,9.225532045,47,2600,STL@CWS,STL,CWS,,,,,1,2B/OF/UTIL,OF,10
59436-81924:Niko Goodrum,59436-81924,2B/SS,Niko,Niko Goodrum,Goodrum,8.782051282,39,2500,CLE@DET,DET,CLE,,,,,1,2B/SS/UTIL,2B,10
59436-12462:Mitch Moreland,59436-12462,1B,Mitch,Mitch Moreland,Moreland,7.47419345,31,2500,SEA@OAK,OAK,SEA,IL,Ribs,,,,C/1B/UTIL,C/1B,14
59436-16945:Gary Sanchez,59436-16945,C,Gary,Gary Sanchez,Sanchez,7.946875095,32,2500,TOR@NYY,NYY,TOR,,,,,1,C/1B/UTIL,C/1B,13
59436-23107:Jorge Soler,59436-23107,OF,Jorge,Jorge Soler,Soler,7.462221951,45,2500,KC@TB,KC,TB,,,,,1,OF/UTIL,OF,12
59436-80462:Paul DeJong,59436-80462,SS,Paul,Paul DeJong,DeJong,9.088571603,35,2500,STL@CWS,STL,CWS,IL,Ribs,,,,SS/UTIL,SS,10
59436-16981:Yan Gomes,59436-16981,C,Yan,Yan Gomes,Gomes,8.296551935,29,2500,CIN@WSH,WSH,CIN,,,,,1,C/1B/UTIL,C/1B,12
59436-12970:AJ Pollock,59436-12970,OF,AJ,AJ Pollock,Pollock,8.315625191,32,2500,LAD@HOU,LAD,HOU,IL,Hamstring,,,,OF/UTIL,OF,10
59436-82611:Akil Baddoo,59436-82611,OF,Akil,Akil Baddoo,Baddoo,9.085293938,34,2500,CLE@DET,DET,CLE,,,,,1,OF/UTIL,OF,10
59436-17097:Brandon Nimmo,59436-17097,OF,Brandon,Brandon Nimmo,Nimmo,8.971428281,21,2500,COL@NYM,NYM,COL,IL,Finger,,,,OF/UTIL,OF,10
59436-17198:Tommy La Stella,59436-17198,2B/3B,Tommy,Tommy La Stella,La Stella,5.324000244,25,2500,SF@ARI,SF,ARI,IL,Hamstring,,,,2B/3B/UTIL,2B,13
59436-82734:Luis Robert,59436-82734,OF,Luis,Luis Robert,Robert,9.607999878,25,2500,STL@CWS,CWS,STL,IL,Hip,,,,OF/UTIL,OF,12
59436-68495:Andrew Benintendi,59436-68495,OF,Andrew,Andrew Benintendi,Benintendi,9.064286005,42,2500,KC@TB,KC,TB,,,,,1,OF/UTIL,OF,12
59436-68525:J.D. Davis,59436-68525,3B/OF,J.D.,J.D. Davis,Davis,9.75,14,2500,COL@NYM,NYM,COL,IL,Finger,,,,3B/OF/UTIL,OF,10
59436-68563:Victor Robles,59436-68563,OF,Victor,Victor Robles,Robles,6.197435819,39,2500,CIN@WSH,WSH,CIN,IL,Ankle,,,,OF/UTIL,OF,12
59436-5118:Miguel Cabrera,59436-5118,1B,Miguel,Miguel Cabrera,Cabrera,7.374193745,31,2500,CLE@DET,DET,CLE,,,,,1,C/1B/UTIL,C/1B,10
59436-11322:Mike Moustakas,59436-11322,2B/3B,Mike,Mike Moustakas,Moustakas,8.910714286,28,2500,CIN@WSH,CIN,WSH,IL,Heel,,,,2B/3B/UTIL,2B,10
59436-13501:Chris Owings,59436-13501,2B/OF,Chris,Chris Owings,Owings,14.09999956,7,2500,COL@NYM,COL,NYM,IL,Thumb,,,,2B/OF/UTIL,OF,9
59436-13516:Stephen Vogt,59436-13516,C,Stephen,Stephen Vogt,Vogt,6.478571211,28,2500,SF@ARI,ARI,SF,,,,,,C/1B/UTIL,C/1B,10
59436-60635:Raimel Tapia,59436-60635,OF,Raimel,Raimel Tapia,Tapia,9.432608563,46,2500,COL@NYM,COL,NYM,,,,,1,OF/UTIL,OF,9
59436-60642:Michael Conforto,59436-60642,OF,Michael,Michael Conforto,Conforto,7.803030303,33,2500,COL@NYM,NYM,COL,IL,Hamstring,,,,OF/UTIL,OF,10
59436-109803:Austin Nola,59436-109803,C,Austin,Austin Nola,Nola,7.35000017,18,2500,SD@MIL,SD,MIL,,,,,1,C/1B/UTIL,C/1B,11
59436-79082:Ryan Mountcastle,59436-79082,1B/OF,Ryan,Ryan Mountcastle,Mountcastle,7.422222222,45,2500,BAL@MIN,BAL,MIN,,,,,1,C/1B/OF/UTIL,C/1B,10
59436-83182:Eric Haase,59436-83182,C,Eric,Eric Haase,Haase,9.31111145,9,2500,CLE@DET,DET,CLE,,,,,1,C/1B/UTIL,C/1B,10
59436-79108:Nick Senzel,59436-79108,2B/OF,Nick,Nick Senzel,Senzel,6.808333503,36,2500,CIN@WSH,CIN,WSH,IL,Knee,,,,2B/OF/UTIL,2B,10
59436-85277:Cavan Biggio,59436-85277,2B/3B,Cavan,Cavan Biggio,Biggio,7.135897123,39,2500,TOR@NYY,TOR,NYY,IL,Neck,,,,2B/3B/UTIL,2B,13
59436-79151:Taylor Ward,59436-79151,3B,Taylor,Taylor Ward,Ward,8,18,2500,TEX@LAA,LAA,TEX,,,,,1,3B/UTIL,3B,12
59436-38218:Christian Walker,59436-38218,1B,Christian,Christian Walker,Walker,6.935294207,17,2500,SF@ARI,ARI,SF,IL,Oblique,,,,C/1B/UTIL,C/1B,10
59436-5488:Joey Votto,59436-5488,1B,Joey,Joey Votto,Votto,8.941378889,29,2500,CIN@WSH,CIN,WSH,IL,Thumb,,,,C/1B/UTIL,C/1B,10
59436-79223:Josh Naylor,59436-79223,1B/OF,Josh,Josh Naylor,Naylor,7.307142712,42,2500,CLE@DET,CLE,DET,,,,,,C/1B/OF/UTIL,C/1B,14
59436-101753:Dylan Moore,59436-101753,2B/OF,Dylan,Dylan Moore,Moore,8.202438727,41,2500,SEA@OAK,SEA,OAK,IL,Calf,,,,2B/OF/UTIL,2B,11
59436-118187:Yermin Mercedes,59436-118187,C,Yermin,Yermin Mercedes,Mercedes,10.02857172,42,2500,STL@CWS,CWS,STL,,,,,,C/1B/UTIL,C/1B,12
59436-13858:Christian Vazquez,59436-13858,C,Christian,Christian Vazquez,Vazquez,8.353488656,43,2500,ATL@BOS,BOS,ATL,,,,,1,C/1B/UTIL,C/1B,15
59436-13924:Kole Calhoun,59436-13924,OF,Kole,Kole Calhoun,Calhoun,9.28461515,13,2500,SF@ARI,ARI,SF,IL,Hamstring,,,,OF/UTIL,OF,10
59436-116450:Seth Brown,59436-116450,1B,Seth,Seth Brown,Brown,8.013888889,36,2500,SEA@OAK,OAK,SEA,,,,,1,C/1B/UTIL,C/1B,14
59436-38952:Alex Dickerson,59436-38952,OF,Alex,Alex Dickerson,Dickerson,6.299999839,38,2400,SF@ARI,SF,ARI,,,,,1,OF/UTIL,OF,13
59436-16947:Jonathan Schoop,59436-16947,2B,Jonathan,Jonathan Schoop,Schoop,6.431818182,44,2400,CLE@DET,DET,CLE,,,,,1,2B/UTIL,2B,10
59436-82563:Garrett Hampson,59436-82563,2B/OF,Garrett,Garrett Hampson,Hampson,10.09111125,45,2400,COL@NYM,COL,NYM,,,,,1,2B/OF/UTIL,2B,9
59436-146160:Ha-Seong Kim,59436-146160,2B/SS,Ha-Seong,Ha-Seong Kim,Kim,5.75128213,39,2400,SD@MIL,SD,MIL,,,,,,2B/SS/UTIL,2B,11
59436-68478:Chad Pinder,59436-68478,2B/OF,Chad,Chad Pinder,Pinder,7.423076923,13,2400,SEA@OAK,OAK,SEA,,,,,,2B/OF/UTIL,2B,14
59436-80847:Mike Tauchman,59436-80847,OF,Mike,Mike Tauchman,Tauchman,6.848484848,33,2400,SF@ARI,SF,ARI,,,,,1,OF/UTIL,OF,13
59436-52178:Maikel Franco,59436-52178,3B,Maikel,Maikel Franco,Franco,7.338636225,44,2400,BAL@MIN,BAL,MIN,,,,,1,3B/UTIL,3B,10
59436-68589:Amed Rosario,59436-68589,SS/OF,Amed,Amed Rosario,Rosario,7.727500153,40,2400,CLE@DET,CLE,DET,,,,,1,SS/OF/UTIL,SS,14
59436-82977:Isiah Kiner-Falefa,59436-82977,3B/SS,Isiah,Isiah Kiner-Falefa,Kiner-Falefa,10.42448955,49,2400,TEX@LAA,TEX,LAA,,,,,1,3B/SS/UTIL,3B,11
59436-5177:Albert Pujols,59436-5177,1B,Albert,Albert Pujols,Pujols,7.95,30,2400,LAD@HOU,LAD,HOU,,,,,,C/1B/UTIL,C/1B,10
59436-5181:Yadier Molina,59436-5181,C,Yadier,Yadier Molina,Molina,10.265625,32,2400,STL@CWS,STL,CWS,,,,,1,C/1B/UTIL,C/1B,10
59436-13487:Tommy Pham,59436-13487,OF,Tommy,Tommy Pham,Pham,6.733333333,45,2400,SD@MIL,SD,MIL,,,,,1,OF/UTIL,OF,11
59436-38112:Gio Urshela,59436-38112,3B,Gio,Gio Urshela,Urshela,8.612195271,41,2400,TOR@NYY,NYY,TOR,,,,,1,3B/UTIL,3B,13
59436-79087:Michael Chavis,59436-79087,1B/2B,Michael,Michael Chavis,Chavis,7.036363775,11,2400,ATL@BOS,BOS,ATL,,,,,,C/1B/2B/UTIL,C/1B,15
59436-85249:Bobby Dalbec,59436-85249,1B/3B,Bobby,Bobby Dalbec,Dalbec,7.710256723,39,2400,ATL@BOS,BOS,ATL,,,,,1,C/1B/3B/UTIL,C/1B,15
59436-79113:Francisco Mejia,59436-79113,C,Francisco,Francisco Mejia,Mejia,8.157692542,26,2400,KC@TB,TB,KC,,,,,1,C/1B/UTIL,C/1B,11
59436-85285:Nate Lowe,59436-85285,1B,Nate,Nate Lowe,Lowe,10.11020396,49,2400,TEX@LAA,TEX,LAA,,,,,1,C/1B/UTIL,C/1B,11
59436-85307:Jeff McNeil,59436-85307,2B/3B,Jeff,Jeff McNeil,McNeil,7.374193745,31,2400,COL@NYM,NYM,COL,IL,Hamstring,,,,2B/3B/UTIL,2B,10
59436-79225:Luis Urias,59436-79225,3B/SS,Luis,Luis Urias,Urias,7.762790414,43,2400,SD@MIL,MIL,SD,,,,,,3B/SS/UTIL,3B,10
59436-79234:Kyle Lewis,59436-79234,OF,Kyle,Kyle Lewis,Lewis,8.165517347,29,2400,SEA@OAK,SEA,OAK,,,,,1,OF/UTIL,OF,11
59436-79249:Harrison Bader,59436-79249,OF,Harrison,Harrison Bader,Bader,8.731818459,22,2400,STL@CWS,STL,CWS,DTD,Ribs,,,1,OF/UTIL,OF,10
59436-101827:Luis Arraez,59436-101827,2B,Luis,Luis Arraez,Arraez,7.974358974,39,2400,BAL@MIN,MIN,BAL,,,,,1,2B/UTIL,2B,10
59436-79400:Dylan Carlson,59436-79400,OF,Dylan,Dylan Carlson,Carlson,9.193333605,45,2400,STL@CWS,STL,CWS,,,,,1,OF/UTIL,OF,10
59436-81622:Mitch Garver,59436-81622,C,Mitch,Mitch Garver,Garver,8.017143032,35,2400,BAL@MIN,MIN,BAL,,,,,1,C/1B/UTIL,C/1B,10
59436-6047:Cameron Maybin,59436-6047,OF,Cameron,Cameron Maybin,Maybin,1.8,5,2400,COL@NYM,NYM,COL,,,,,1,OF/UTIL,OF,10
59436-102308:Jonathan India,59436-102308,2B/3B,Jonathan,Jonathan India,India,8.016666836,36,2400,CIN@WSH,CIN,WSH,,,,,1,2B/3B/UTIL,2B,10
59436-102322:Nick Madrigal,59436-102322,2B,Nick,Nick Madrigal,Madrigal,8.4,40,2400,STL@CWS,CWS,STL,,,,,1,2B/UTIL,2B,12
59436-102453:Zack Short,59436-102453,SS,Zack,Zack Short,Short,4.5,2,2300,CLE@DET,DET,CLE,,,,,,SS/UTIL,SS,10
59436-38973:Tyrone Taylor,59436-38973,OF,Tyrone,Tyrone Taylor,Taylor,5.316129131,31,2300,SD@MIL,MIL,SD,,,,,,OF/UTIL,OF,10
59436-104511:Kyle Garlick,59436-104511,OF,Kyle,Kyle Garlick,Garlick,6.681481255,27,2300,BAL@MIN,MIN,BAL,,,,,,OF/UTIL,OF,10
59436-53725:Renato Nunez,59436-53725,1B,Renato,Renato Nunez,Nunez,9.785714286,7,2300,CLE@DET,DET,CLE,,,,,,C/1B/UTIL,C/1B,10
59436-82414:Victor Reyes,59436-82414,OF,Victor,Victor Reyes,Reyes,4.777272658,22,2300,CLE@DET,DET,CLE,,,,,,OF/UTIL,OF,10
59436-80485:Austin Slater,59436-80485,OF,Austin,Austin Slater,Slater,7.707317073,41,2300,SF@ARI,SF,ARI,,,,,,OF/UTIL,OF,13
59436-82536:Cedric Mullins,59436-82536,OF,Cedric,Cedric Mullins,Mullins,10.12765957,47,2300,BAL@MIN,BAL,MIN,,,,,1,OF/UTIL,OF,10
59436-52150:Clint Frazier,59436-52150,OF,Clint,Clint Frazier,Frazier,6.234210366,38,2300,TOR@NYY,NYY,TOR,,,,,1,OF/UTIL,OF,13
59436-52153:David Dahl,59436-52153,OF,David,David Dahl,Dahl,6.517073468,41,2300,TEX@LAA,TEX,LAA,,,,,,OF/UTIL,OF,11
59436-5062:Ryan Zimmerman,59436-5062,1B,Ryan,Ryan Zimmerman,Zimmerman,8.264285496,28,2300,CIN@WSH,WSH,CIN,,,,,,C/1B/UTIL,C/1B,12
59436-13262:Jurickson Profar,59436-13262,2B/OF,Jurickson,Jurickson Profar,Profar,8.312194824,41,2300,SD@MIL,SD,MIL,,,,,1,2B/OF/UTIL,2B,11
59436-97291:Harold Castro,59436-97291,2B,Harold,Harold Castro,Castro,5.788461538,26,2300,CLE@DET,DET,CLE,,,,,1,2B/UTIL,2B,10
59436-21612:Nick Ahmed,59436-21612,SS,Nick,Nick Ahmed,Ahmed,4.969230847,39,2300,SF@ARI,ARI,SF,,,,,1,SS/UTIL,SS,10
59436-60655:Willy Adames,59436-60655,SS,Willy,Willy Adames,Adames,7.30227245,44,2300,SD@MIL,MIL,SD,,,,,1,SS/UTIL,SS,10
59436-79110:Tyler Stephenson,59436-79110,C,Tyler,Tyler Stephenson,Stephenson,6.118181633,33,2300,CIN@WSH,CIN,WSH,,,,,1,C/1B/UTIL,C/1B,10
59436-38196:Jake Lamb,59436-38196,1B/3B,Jake,Jake Lamb,Lamb,6.573333232,15,2300,STL@CWS,CWS,STL,,,,,,C/1B/3B/UTIL,C/1B,12
59436-38252:Stephen Piscotty,59436-38252,OF,Stephen,Stephen Piscotty,Piscotty,5.616216299,37,2300,SEA@OAK,OAK,SEA,,,,,,OF/UTIL,OF,14
59436-21874:Jorge Polanco,59436-21874,2B/SS,Jorge,Jorge Polanco,Polanco,8.671428862,42,2300,BAL@MIN,MIN,BAL,DTD,Ankle,,,,2B/SS/UTIL,2B,10
59436-13685:Brock Holt,59436-13685,3B/OF,Brock,Brock Holt,Holt,7.388888889,18,2300,TEX@LAA,TEX,LAA,,,,,,3B/OF/UTIL,3B,11
59436-38297:Austin Barnes,59436-38297,C,Austin,Austin Barnes,Barnes,6.495999756,25,2300,LAD@HOU,LAD,HOU,,,,,,C/1B/UTIL,C/1B,10
59436-12123:Wilson Ramos,59436-12123,C,Wilson,Wilson Ramos,Ramos,6.939999826,35,2300,CLE@DET,DET,CLE,IL,Back,,,,C/1B/UTIL,C/1B,10
59436-135310:Chadwick Tromp,59436-135310,C,Chadwick,Chadwick Tromp,Tromp,6.299999873,24,2200,SF@ARI,SF,ARI,,,,,,C/1B/UTIL,C/1B,13
59436-65991:Pedro Severino,59436-65991,C,Pedro,Pedro Severino,Severino,5.605882532,34,2200,BAL@MIN,BAL,MIN,,,,,1,C/1B/UTIL,C/1B,10
59436-53757:Rob Refsnyder,59436-53757,2B,Rob,Rob Refsnyder,Refsnyder,8.75,10,2200,BAL@MIN,MIN,BAL,,,,,,2B/UTIL,2B,10
59436-72261:Guillermo Heredia,59436-72261,OF,Guillermo,Guillermo Heredia,Heredia,10.25999985,20,2200,ATL@BOS,ATL,BOS,,,,,,OF/UTIL,OF,14
59436-119495:Andrew Vaughn,59436-119495,1B/OF,Andrew,Andrew Vaughn,Vaughn,8.10000017,36,2200,STL@CWS,CWS,STL,,,,,1,C/1B/OF/UTIL,OF,12
59436-53993:Harold Ramirez,59436-53993,OF,Harold,Harold Ramirez,Ramirez,6.694736681,19,2200,CLE@DET,CLE,DET,,,,,1,OF/UTIL,OF,14
59436-54068:Hunter Renfroe,59436-54068,OF,Hunter,Hunter Renfroe,Renfroe,7.857894897,38,2200,ATL@BOS,BOS,ATL,,,,,1,OF/UTIL,OF,15
59436-68471:Tony Kemp,59436-68471,2B,Tony,Tony Kemp,Kemp,5.516129032,31,2200,SEA@OAK,OAK,SEA,,,,,,2B/UTIL,2B,14
59436-13209:Manny Pina,59436-13209,C,Manny,Manny Pina,Pina,7.622222053,18,2200,SD@MIL,MIL,SD,,,,,,C/1B/UTIL,C/1B,12
59436-52170:Dominic Smith,59436-52170,1B/OF,Dominic,Dominic Smith,Smith,6.479487101,39,2200,COL@NYM,NYM,COL,,,,,1,C/1B/OF/UTIL,OF,10
59436-13304:Tucker Barnhart,59436-13304,C,Tucker,Tucker Barnhart,Barnhart,8.319444444,36,2200,CIN@WSH,CIN,WSH,,,,,1,C/1B/UTIL,C/1B,10
59436-13535:Ehire Adrianza,59436-13535,2B/SS,Ehire,Ehire Adrianza,Adrianza,6.15000018,34,2200,ATL@BOS,ATL,BOS,,,,,1,2B/SS/UTIL,2B,14
59436-5359:Elvis Andrus,59436-5359,SS,Elvis,Elvis Andrus,Andrus,4.213043545,46,2200,SEA@OAK,OAK,SEA,,,,,1,SS/UTIL,SS,14
59436-85246:Josh Fuentes,59436-85246,1B/3B,Josh,Josh Fuentes,Fuentes,7.665908813,44,2200,COL@NYM,COL,NYM,,,,,1,C/1B/3B/UTIL,C/1B,9
59436-85274:DJ Stewart,59436-85274,OF,DJ,DJ Stewart,Stewart,6.782353121,34,2200,BAL@MIN,BAL,MIN,,,,,,OF/UTIL,OF,10
59436-79195:Miguel Andujar,59436-79195,3B/OF,Miguel,Miguel Andujar,Andujar,4.061538403,13,2200,TOR@NYY,NYY,TOR,,,,,,3B/OF/UTIL,3B,13
59436-38282:Daniel Vogelbach,59436-38282,1B,Daniel,Daniel Vogelbach,Vogelbach,5.13409077,44,2200,SD@MIL,MIL,SD,,,,,,C/1B/UTIL,C/1B,
59436-79247:Edmundo Sosa,59436-79247,2B,Edmundo,Edmundo Sosa,Sosa,5.004545385,22,2200,STL@CWS,STL,CWS,,,,,1,2B/UTIL,2B,10
59436-71217:Omar Narvaez,59436-71217,C,Omar,Omar Narvaez,Narvaez,8.100000197,31,2200,SD@MIL,MIL,SD,,,,,1,C/1B/UTIL,C/1B,
59436-13961:Kevin Kiermaier,59436-13961,OF,Kevin,Kevin Kiermaier,Kiermaier,5.955172309,29,2200,KC@TB,TB,KC,,,,,1,OF/UTIL,OF,11
59436-14000:Darin Ruf,59436-14000,OF,Darin,Darin Ruf,Ruf,6.924390095,41,2200,SF@ARI,SF,ARI,,,,,,OF/UTIL,OF,13
59436-5948:Brett Gardner,59436-5948,OF,Brett,Brett Gardner,Gardner,4.310810811,37,2200,TOR@NYY,NYY,TOR,,,,,1,OF/UTIL,OF,13
59436-110404:Mike Brosseau,59436-110404,2B/3B,Mike,Mike Brosseau,Brosseau,6.008333418,36,2200,KC@TB,TB,KC,,,,,,2B/3B/UTIL,2B,11
59436-12168:Starlin Castro,59436-12168,2B,Starlin,Starlin Castro,Castro,7.162790698,43,2200,CIN@WSH,WSH,CIN,,,,,1,2B/UTIL,2B,12
59436-79785:Jose Marmolejos,59436-79785,1B/OF,Jose,Jose Marmolejos,Marmolejos,5.325806649,31,2200,SEA@OAK,SEA,OAK,,,,,,C/1B/OF/UTIL,OF,11
59436-102398:Jarred Kelenic,59436-102398,OF,Jarred,Jarred Kelenic,Kelenic,7.890909368,11,2200,SEA@OAK,SEA,OAK,,,,,1,OF/UTIL,OF,11
59436-135190:Taylor Walls,59436-135190,SS,Taylor,Taylor Walls,Walls,12.43333308,3,2100,KC@TB,TB,KC,,,,,1,SS/UTIL,SS,11
59436-102438:Geraldo Perdomo,59436-102438,SS,Geraldo,Geraldo Perdomo,Perdomo,3.799999952,4,2100,SF@ARI,ARI,SF,,,,,,SS/UTIL,SS,10
59436-116841:Sam Haggerty,59436-116841,1B/OF,Sam,Sam Haggerty,Haggerty,5.471428571,35,2100,SEA@OAK,SEA,OAK,IL,Shoulder,,,,C/1B/OF/UTIL,OF,11
59436-135277:Johneshwy Fargas,59436-135277,OF,Johneshwy,Johneshwy Fargas,Fargas,6.67142868,7,2100,COL@NYM,NYM,COL,DTD,Shoulder,,,1,OF/UTIL,OF,10
59436-116866:Danny Mendick,59436-116866,2B,Danny,Danny Mendick,Mendick,6.147368582,19,2100,STL@CWS,CWS,STL,,,,,,2B/UTIL,2B,12
59436-102577:Santiago Espinal,59436-102577,SS,Santiago,Santiago Espinal,Espinal,4.213636225,22,2100,TOR@NYY,TOR,NYY,,,,,1,SS/UTIL,SS,13
59436-80459:Franchy Cordero,59436-80459,OF,Franchy,Franchy Cordero,Cordero,4.773529502,34,2100,ATL@BOS,BOS,ATL,,,,,,OF/UTIL,OF,15
59436-17014:Andrelton Simmons,59436-17014,SS,Andrelton,Andrelton Simmons,Simmons,7.214285714,35,2100,BAL@MIN,MIN,BAL,,,,,1,SS/UTIL,SS,10
59436-82555:Willi Castro,59436-82555,3B/SS,Willi,Willi Castro,Castro,7.321621457,37,2100,CLE@DET,DET,CLE,,,,,,3B/SS/UTIL,3B,10
59436-12931:Wil Myers,59436-12931,OF,Wil,Wil Myers,Myers,8.324324324,37,2100,SD@MIL,SD,MIL,,,,,1,OF/UTIL,OF,11
59436-70277:Kevan Smith,59436-70277,C,Kevan,Kevan Smith,Smith,7.074999809,4,2100,ATL@BOS,ATL,BOS,,,,,,C/1B/UTIL,C/1B,14
59436-119444:Alejandro Kirk,59436-119444,C,Alejandro,Alejandro Kirk,Kirk,7.376470678,17,2100,TOR@NYY,TOR,NYY,IL,Hip,,,,C/1B/UTIL,C/1B,13
59436-84655:Stevie Wilkerson,59436-84655,OF,Stevie,Stevie Wilkerson,Wilkerson,4.842857361,7,2100,BAL@MIN,BAL,MIN,,,,,1,OF/UTIL,OF,10
59436-21172:Brandon Drury,59436-21172,3B,Brandon,Brandon Drury,Drury,7.233333588,3,2100,COL@NYM,NYM,COL,,,,,,3B/UTIL,3B,10
59436-13034:Charlie Culberson,59436-13034,SS/OF,Charlie,Charlie Culberson,Culberson,6.487878973,33,2100,TEX@LAA,TEX,LAA,,,,,1,SS/OF/UTIL,SS,11
59436-13152:Matt Carpenter,59436-13152,1B/3B,Matt,Matt Carpenter,Carpenter,3.871428717,42,2100,STL@CWS,STL,CWS,,,,,1,C/1B/3B/UTIL,C/1B,10
59436-82824:Mike Ford,59436-82824,1B,Mike,Mike Ford,Ford,6.194736681,19,2100,TOR@NYY,NYY,TOR,,,,,,C/1B/UTIL,C/1B,13
59436-68533:Brett Phillips,59436-68533,OF,Brett,Brett Phillips,Phillips,6.718919084,37,2100,KC@TB,TB,KC,,,,,,OF/UTIL,OF,11
59436-52161:Rio Ruiz,59436-52161,2B/3B,Rio,Rio Ruiz,Ruiz,5.5,32,2100,COL@NYM,COL,NYM,,,,,,2B/3B/UTIL,2B,9
59436-13253:Martin Maldonado,59436-13253,C,Martin,Martin Maldonado,Maldonado,5.408571516,35,2100,LAD@HOU,HOU,LAD,,,,,1,C/1B/UTIL,C/1B,12
59436-80848:Victor Caratini,59436-80848,C,Victor,Victor Caratini,Caratini,7.824242794,33,2100,SD@MIL,SD,MIL,,,,,,C/1B/UTIL,C/1B,11
59436-52179:J.P. Crawford,59436-52179,SS,J.P.,J.P. Crawford,Crawford,6.608510768,47,2100,SEA@OAK,SEA,OAK,,,,,1,SS/UTIL,SS,11
59436-68582:Brendan Rodgers,59436-68582,2B,Brendan,Brendan Rodgers,Rodgers,8,2,2100,COL@NYM,COL,NYM,,,,,,2B/UTIL,2B,9
59436-97257:Myles Straw,59436-97257,OF,Myles,Myles Straw,Straw,6.92727245,44,2100,LAD@HOU,HOU,LAD,,,,,1,OF/UTIL,OF,12
59436-5122:Alex Avila,59436-5122,C,Alex,Alex Avila,Avila,7.290908813,11,2100,CIN@WSH,WSH,CIN,,,,,,C/1B/UTIL,C/1B,12
59436-13378:Leury Garcia,59436-13378,2B/SS,Leury,Leury Garcia,Garcia,6.792105424,38,2100,STL@CWS,CWS,STL,,,,,1,2B/SS/UTIL,2B,12
59436-11344:Jason Castro,59436-11344,C,Jason,Jason Castro,Castro,7.95,20,2100,LAD@HOU,HOU,LAD,,,,,,C/1B/UTIL,C/1B,12
59436-21584:Rougned Odor,59436-21584,2B/3B,Rougned,Rougned Odor,Odor,7.575000127,24,2100,TOR@NYY,NYY,TOR,,,,,,2B/3B/UTIL,2B,13
59436-21637:Jackie Bradley Jr.,59436-21637,OF,Jackie,Jackie Bradley Jr.,Bradley Jr.,6.266666957,42,2100,SD@MIL,MIL,SD,,,,,,OF/UTIL,OF,
59436-60641:Nick Gordon,59436-60641,2B,Nick,Nick Gordon,Gordon,9,2,2100,BAL@MIN,MIN,BAL,,,,,,2B/UTIL,2B,10
59436-83173:Jose Trevino,59436-83173,C,Jose,Jose Trevino,Trevino,5.314705793,34,2100,TEX@LAA,TEX,LAA,,,,,1,C/1B/UTIL,C/1B,11
59436-79104:Zack Collins,59436-79104,C,Zack,Zack Collins,Collins,6.199999723,22,2100,STL@CWS,CWS,STL,,,,,,C/1B/UTIL,C/1B,12
59436-79138:Jonathan Arauz,59436-79138,2B,Jonathan,Jonathan Arauz,Arauz,6.224999905,4,2100,ATL@BOS,BOS,ATL,,,,,,2B/UTIL,2B,15
59436-79141:Ryan O'Hearn,59436-79141,1B,Ryan,Ryan O'Hearn,O'Hearn,5,18,2100,KC@TB,KC,TB,,,,,,C/1B/UTIL,C/1B,12
59436-21797:Jose Peraza,59436-21797,2B/OF,Jose,Jose Peraza,Peraza,4.811764885,17,2100,COL@NYM,NYM,COL,,,,,1,2B/OF/UTIL,2B,10
59436-79173:Corey Ray,59436-79173,OF,Corey,Corey Ray,Ray,6.199999809,1,2100,SD@MIL,MIL,SD,,,,,,OF/UTIL,OF,
59436-13691:Ender Inciarte,59436-13691,OF,Ender,Ender Inciarte,Inciarte,4.029411765,17,2100,ATL@BOS,ATL,BOS,,,,,1,OF/UTIL,OF,14
59436-13694:Marwin Gonzalez,59436-13694,1B/2B,Marwin,Marwin Gonzalez,Gonzalez,6.475609756,41,2100,ATL@BOS,BOS,ATL,,,,,1,C/1B/2B/UTIL,C/1B,15
59436-79255:Jake Bauers,59436-79255,1B,Jake,Jake Bauers,Bauers,4.254053889,37,2100,CLE@DET,CLE,DET,,,,,,C/1B/UTIL,C/1B,14
59436-79272:Lourdes Gurriel Jr.,59436-79272,OF,Lourdes,Lourdes Gurriel Jr.,Gurriel Jr.,6.587805027,41,2100,TOR@NYY,TOR,NYY,,,,,1,OF/UTIL,OF,13
59436-101820:Matt Beaty,59436-101820,1B/OF,Matt,Matt Beaty,Beaty,6.35428554,35,2100,LAD@HOU,LAD,HOU,,,,,1,C/1B/OF/UTIL,OF,10
59436-101833:Luis Barrera,59436-101833,OF,Luis,Luis Barrera,Barrera,0.75,4,2100,SEA@OAK,OAK,SEA,,,,,1,OF/UTIL,OF,14
59436-101842:Ty France,59436-101842,2B/3B,Ty,Ty France,France,8.742105584,38,2100,SEA@OAK,SEA,OAK,,,,,1,2B/3B/UTIL,2B,11
59436-38571:Travis Shaw,59436-38571,1B/3B,Travis,Travis Shaw,Shaw,7.997618902,42,2100,SD@MIL,MIL,SD,,,,,1,C/1B/3B/UTIL,3B,
59436-11989:Jon Jay,59436-11989,OF,Jon,Jon Jay,Jay,4.979999924,5,2100,TEX@LAA,LAA,TEX,,,,,,OF/UTIL,OF,12
59436-79776:Dom Nunez,59436-79776,C,Dom,Dom Nunez,Nunez,8.34375,32,2100,COL@NYM,COL,NYM,,,,,1,C/1B/UTIL,C/1B,9
59436-102331:Nicky Lopez,59436-102331,2B/SS,Nicky,Nicky Lopez,Lopez,6.670454545,44,2100,KC@TB,KC,TB,,,,,1,2B/SS/UTIL,2B,12
59436-102362:Trevor Larnach,59436-102362,OF,Trevor,Trevor Larnach,Larnach,7.826666768,15,2100,BAL@MIN,MIN,BAL,,,,,1,OF/UTIL,OF,10
59436-102411:Andrew Knizner,59436-102411,C,Andrew,Andrew Knizner,Knizner,3.97083346,24,2000,STL@CWS,STL,CWS,,,,,,C/1B/UTIL,C/1B,10
59436-102417:Anderson Tejeda,59436-102417,SS,Anderson,Anderson Tejeda,Tejeda,3.039999962,5,2000,TEX@LAA,TEX,LAA,,,,,,SS/UTIL,SS,11
59436-102418:Eli White,59436-102418,2B,Eli,Eli White,White,3.527272658,22,2000,TEX@LAA,TEX,LAA,,,,,,2B/UTIL,2B,11
59436-79896:Luis Torrens,59436-79896,C,Luis,Luis Torrens,Torrens,4.806896341,29,2000,SEA@OAK,SEA,OAK,,,,,,C/1B/UTIL,C/1B,11
59436-135195:Sebastian Rivero,59436-135195,C,Sebastian,Sebastian Rivero,Rivero,1.600000024,2,2000,KC@TB,KC,TB,,,,,,C/1B/UTIL,C/1B,12
59436-135207:Alex De Goti,59436-135207,2B,Alex,Alex De Goti,De Goti,9.449999809,2,2000,LAD@HOU,HOU,LAD,,,,,,2B/UTIL,2B,12
59436-102439:Andrew Young,59436-102439,3B,Andrew,Andrew Young,Young,5.995651909,23,2000,SF@ARI,ARI,SF,,,,,,3B/UTIL,3B,10
59436-79918:Kyle Higashioka,59436-79918,C,Kyle,Kyle Higashioka,Higashioka,7.695652174,23,2000,TOR@NYY,NYY,TOR,,,,,1,C/1B/UTIL,C/1B,13
59436-135216:Chas McCormick,59436-135216,OF,Chas,Chas McCormick,McCormick,6.354166667,24,2000,LAD@HOU,HOU,LAD,,,,,,OF/UTIL,OF,12
59436-135227:Jose Rojas,59436-135227,2B,Jose,Jose Rojas,Rojas,5.717646879,34,2000,TEX@LAA,LAA,TEX,,,,,,2B/UTIL,2B,12
59436-135224:Yadiel Hernandez,59436-135224,OF,Yadiel,Yadiel Hernandez,Hernandez,4.779310555,29,2000,CIN@WSH,WSH,CIN,,,,,,OF/UTIL,OF,12
59436-135228:Jack Kruger,59436-135228,C,Jack,Jack Kruger,Kruger,0,1,2000,TEX@LAA,TEX,LAA,,,,,,C/1B/UTIL,C/1B,11
59436-102485:Kyle Isbel,59436-102485,OF,Kyle,Kyle Isbel,Isbel,5.958333333,12,2000,KC@TB,KC,TB,,,,,,OF/UTIL,OF,12
59436-102497:Ronnie Dawson,59436-102497,OF,Ronnie,Ronnie Dawson,Dawson,4.133333206,3,2000,LAD@HOU,HOU,LAD,,,,,,OF/UTIL,OF,12
59436-82021:Tomas Nido,59436-82021,C,Tomas,Tomas Nido,Nido,6.938888974,18,2000,COL@NYM,NYM,COL,,,,,,C/1B/UTIL,C/1B,10
59436-116840:Deivy Grullon,59436-116840,C,Deivy,Deivy Grullon,Grullon,9.5,1,2000,KC@TB,TB,KC,,,,,,C/1B/UTIL,C/1B,11
59436-135276:Patrick Mazeika,59436-135276,C,Patrick,Patrick Mazeika,Mazeika,3.520000076,10,2000,COL@NYM,NYM,COL,,,,,,C/1B/UTIL,C/1B,10
59436-102513:Mario Feliciano,59436-102513,C,Mario,Mario Feliciano,Feliciano,6.199999809,1,2000,SD@MIL,MIL,SD,,,,,,C/1B/UTIL,C/1B,
59436-135282:Josh Palacios,59436-135282,OF,Josh,Josh Palacios,Palacios,7.240000153,10,2000,TOR@NYY,TOR,NYY,IL,Hand,,,,OF/UTIL,OF,13
59436-135284:Riley Adams,59436-135284,C,Riley,Riley Adams,Adams,,,2000,TOR@NYY,TOR,NYY,,,,,,C/1B/UTIL,C/1B,13
59436-135290:John Nogowski,59436-135290,1B,John,John Nogowski,Nogowski,1.026666641,15,2000,STL@CWS,STL,CWS,,,,,,C/1B/UTIL,C/1B,10
59436-135291:Jose Godoy,59436-135291,C,Jose,Jose Godoy,Godoy,3.166666667,3,2000,SEA@OAK,SEA,OAK,,,,,,C/1B/UTIL,C/1B,11
59436-135288:Alan Trejo,59436-135288,SS,Alan,Alan Trejo,Trejo,2.834782476,23,2000,COL@NYM,COL,NYM,IL,Finger,,,,SS/UTIL,SS,9
59436-116865:Ryan McBroom,59436-116865,1B,Ryan,Ryan McBroom,McBroom,1.839999962,5,2000,KC@TB,KC,TB,,,,,,C/1B/UTIL,C/1B,12
59436-135305:Tucupita Marcano,59436-135305,3B,Tucupita,Tucupita Marcano,Marcano,3.483333376,18,2000,SD@MIL,SD,MIL,,,,,,3B/UTIL,3B,11
59436-73875:Jose Martinez,59436-73875,OF,Jose,Jose Martinez,Martinez,5.147058824,34,2000,COL@NYM,NYM,COL,IL,Knee,,,,OF/UTIL,OF,10
59436-73879:Pat Valaika,59436-73879,2B/SS,Pat,Pat Valaika,Valaika,3.838461656,26,2000,BAL@MIN,BAL,MIN,,,,,,2B/SS/UTIL,2B,10
59436-102550:Luis Campusano,59436-102550,C,Luis,Luis Campusano,Campusano,2.227272727,11,2000,SD@MIL,SD,MIL,,,,,,C/1B/UTIL,C/1B,11
59436-116888:Jaylin Davis,59436-116888,OF,Jaylin,Jaylin Davis,Davis,6.224999905,4,2000,SF@ARI,SF,ARI,IL,Kneecap,,,,OF/UTIL,OF,13
59436-104629:Jack Mayfield,59436-104629,SS,Jack,Jack Mayfield,Mayfield,1.083333333,6,2000,SEA@OAK,SEA,OAK,,,,,,SS/UTIL,SS,11
59436-145590:Jason Vosler,59436-145590,3B,Jason,Jason Vosler,Vosler,3.887500048,8,2000,SF@ARI,SF,ARI,,,,,,3B/UTIL,3B,13
59436-102584:Tres Barrera,59436-102584,C,Tres,Tres Barrera,Barrera,0,1,2000,CIN@WSH,WSH,CIN,,,,,,C/1B/UTIL,C/1B,12
59436-102591:Jake Fraley,59436-102591,OF,Jake,Jake Fraley,Fraley,9.780000305,5,2000,SEA@OAK,SEA,OAK,IL,Hamstring,,,,OF/UTIL,OF,11
59436-39125:Tomas Telis,59436-39125,C,Tomas,Tomas Telis,Telis,,,2000,BAL@MIN,MIN,BAL,,,,,,C/1B/UTIL,C/1B,10
59436-53476:Scott Schebler,59436-53476,OF,Scott,Scott Schebler,Schebler,2.490909056,11,2000,TEX@LAA,LAA,TEX,,,,,,OF/UTIL,OF,12
59436-116994:Donovan Walton,59436-116994,SS,Donovan,Donovan Walton,Walton,4,7,2000,SEA@OAK,SEA,OAK,,,,,1,SS/UTIL,SS,11
59436-12577:Jarrod Dyson,59436-12577,OF,Jarrod,Jarrod Dyson,Dyson,3.28,25,2000,KC@TB,KC,TB,,,,,,OF/UTIL,OF,12
59436-110911:Robel Garcia,59436-110911,OF,Robel,Robel Garcia,Garcia,2.169230828,13,2000,LAD@HOU,HOU,LAD,,,,,,OF/UTIL,OF,12
59436-82251:Tim Locastro,59436-82251,OF,Tim,Tim Locastro,Locastro,5.389655278,29,2000,SF@ARI,ARI,SF,,,,,,OF/UTIL,OF,10
59436-53593:Patrick Kivlehan,59436-53593,OF,Patrick,Patrick Kivlehan,Kivlehan,5.720000076,5,2000,SD@MIL,SD,MIL,,,,,,OF/UTIL,OF,11
59436-84405:John Andreoli,59436-84405,OF,John,John Andreoli,Andreoli,2.199999946,7,2000,SD@MIL,SD,MIL,,,,,,OF/UTIL,OF,11
59436-96764:Jonathan Davis,59436-96764,OF,Jonathan,Jonathan Davis,Davis,4.632142748,28,2000,TOR@NYY,TOR,NYY,,,,,1,OF/UTIL,OF,13
59436-80457:Adam Engel,59436-80457,OF,Adam,Adam Engel,Engel,6.227777693,36,2000,STL@CWS,CWS,STL,IL,Hamstring,,,,OF/UTIL,OF,12
59436-72264:Max Moroff,59436-72264,SS,Max,Max Moroff,Moroff,0,4,2000,STL@CWS,STL,CWS,,,,,,SS/UTIL,SS,10
59436-119368:Ryan Jeffers,59436-119368,C,Ryan,Ryan Jeffers,Jeffers,3.645454407,11,2000,BAL@MIN,MIN,BAL,,,,,,C/1B/UTIL,C/1B,10
59436-150096:Ivan Castillo,59436-150096,2B,Ivan,Ivan Castillo,Castillo,3.166666667,3,2000,SD@MIL,SD,MIL,,,,,,2B/UTIL,2B,11
59436-82533:Daulton Varsho,59436-82533,OF,Daulton,Daulton Varsho,Varsho,3.431578787,19,2000,SF@ARI,ARI,SF,,,,,,OF/UTIL,OF,10
59436-17012:Curt Casali,59436-17012,C,Curt,Curt Casali,Casali,4.065217391,23,2000,SF@ARI,SF,ARI,,,,,,C/1B/UTIL,C/1B,13
59436-119412:Owen Miller,59436-119412,SS,Owen,Owen Miller,Miller,4.699999809,2,2000,CLE@DET,CLE,DET,,,,,1,SS/UTIL,SS,14
59436-82551:Shed Long Jr.,59436-82551,2B,Shed,Shed Long Jr.,Long Jr.,6.544117647,34,2000,SEA@OAK,SEA,OAK,IL,Lower leg,,,,2B/UTIL,2B,11
59436-135801:Jake Hager,59436-135801,1B,Jake,Jake Hager,Hager,1.239999962,5,2000,COL@NYM,NYM,COL,,,,,,C/1B/UTIL,C/1B,10
59436-82556:Taylor Trammell,59436-82556,OF,Taylor,Taylor Trammell,Trammell,7.6259257,27,2000,SEA@OAK,SEA,OAK,,,,,,OF/UTIL,OF,11
59436-17025:Joe Panik,59436-17025,2B/3B,Joe,Joe Panik,Panik,3.757894817,19,2000,TOR@NYY,TOR,NYY,,,,,,2B/3B/UTIL,2B,13
59436-119439:Sam Huff,59436-119439,C,Sam,Sam Huff,Huff,10.5,10,2000,TEX@LAA,TEX,LAA,IL,Knee,,,,C/1B/UTIL,C/1B,11
59436-82585:Khalil Lee,59436-82585,OF,Khalil,Khalil Lee,Lee,1.814285687,7,2000,COL@NYM,NYM,COL,,,,,1,OF/UTIL,OF,10
59436-82593:Keibert Ruiz,59436-82593,C,Keibert,Keibert Ruiz,Ruiz,3.116666794,6,2000,LAD@HOU,LAD,HOU,,,,,,C/1B/UTIL,C/1B,10
59436-82596:Jake Rogers,59436-82596,C,Jake,Jake Rogers,Rogers,7.128571647,7,2000,CLE@DET,DET,CLE,,,,,,C/1B/UTIL,C/1B,10
59436-82605:Keston Hiura,59436-82605,1B/2B,Keston,Keston Hiura,Hiura,5.603703817,27,2000,SD@MIL,MIL,SD,,,,,1,C/1B/2B/UTIL,C/1B,
59436-21165:Roberto Perez,59436-21165,C,Roberto,Roberto Perez,Perez,7.721052471,19,2000,CLE@DET,CLE,DET,IL,Finger,,,,C/1B/UTIL,C/1B,14
59436-82612:Brent Rooker,59436-82612,OF,Brent,Brent Rooker,Rooker,4.275000095,8,2000,BAL@MIN,MIN,BAL,,,,,,OF/UTIL,OF,10
59436-82617:Andres Gimenez,59436-82617,2B/SS,Andres,Andres Gimenez,Gimenez,5.534482759,29,2000,CLE@DET,CLE,DET,,,,,,2B/SS/UTIL,2B,14
59436-82616:Luis Guillorme,59436-82616,SS,Luis,Luis Guillorme,Guillorme,2.814285823,14,2000,COL@NYM,NYM,COL,IL,Oblique,,,,SS/UTIL,SS,10
59436-17096:Wilfredo Tovar,59436-17096,SS,Wilfredo,Wilfredo Tovar,Tovar,3.125,4,2000,COL@NYM,NYM,COL,,,,,,SS/UTIL,SS,10
59436-82637:Evan White,59436-82637,1B,Evan,Evan White,White,4.903333537,30,2000,SEA@OAK,SEA,OAK,IL,Hip,,,,C/1B/UTIL,C/1B,11
59436-82646:Justin Williams,59436-82646,OF,Justin,Justin Williams,Williams,4.234090978,44,2000,STL@CWS,STL,CWS,,,,,1,OF/UTIL,OF,10
59436-82655:Danny Jansen,59436-82655,C,Danny,Danny Jansen,Jansen,4.497222053,36,2000,TOR@NYY,TOR,NYY,,,,,1,C/1B/UTIL,C/1B,13
59436-82659:Carter Kieboom,59436-82659,3B,Carter,Carter Kieboom,Kieboom,1.5,2,2000,CIN@WSH,WSH,CIN,,,,,,3B/UTIL,3B,12
59436-82661:Daniel Johnson,59436-82661,OF,Daniel,Daniel Johnson,Johnson,0,2,2000,CLE@DET,CLE,DET,,,,,,OF/UTIL,OF,14
59436-82660:Luis Garcia,59436-82660,2B,Luis,Luis Garcia,Garcia,1.533333302,6,2000,CIN@WSH,WSH,CIN,,,,,,2B/UTIL,2B,12
59436-148210:Cody Wilson,59436-148210,OF,Cody,Cody Wilson,Wilson,0,1,2000,CIN@WSH,WSH,CIN,,,,,,OF/UTIL,OF,12
59436-84742:Willians Astudillo,59436-84742,C,Willians,Willians Astudillo,Astudillo,5.732257966,31,2000,BAL@MIN,MIN,BAL,,,,,,C/1B/UTIL,C/1B,10
59436-17171:James McCann,59436-17171,C,James,James McCann,McCann,4.932352851,34,2000,COL@NYM,NYM,COL,,,,,1,C/1B/UTIL,C/1B,10
59436-54049:Aledmys Diaz,59436-54049,2B,Aledmys,Aledmys Diaz,Diaz,7.596153846,26,2000,LAD@HOU,HOU,LAD,DTD,Hamstring,,,,2B/UTIL,2B,12
59436-13098:Rene Rivera,59436-13098,C,Rene,Rene Rivera,Rivera,3.462500095,8,2000,CLE@DET,CLE,DET,,,,,,C/1B/UTIL,C/1B,14
59436-13099:Travis d'Arnaud,59436-13099,C,Travis,Travis d'Arnaud,d'Arnaud,6.543478261,23,2000,ATL@BOS,ATL,BOS,IL,Thumb,,,,C/1B/UTIL,C/1B,14
59436-54080:Austin Dean,59436-54080,OF,Austin,Austin Dean,Dean,4.738889058,18,2000,STL@CWS,STL,CWS,,,,,,OF/UTIL,OF,10
59436-68470:JaCoby Jones,59436-68470,OF,JaCoby,JaCoby Jones,Jones,4.508333418,36,2000,CLE@DET,DET,CLE,,,,,,OF/UTIL,OF,10
59436-68492:Chance Sisco,59436-68492,C,Chance,Chance Sisco,Sisco,3.865000153,20,2000,BAL@MIN,BAL,MIN,,,,,,C/1B/UTIL,C/1B,10
59436-68499:Johan Camargo,59436-68499,3B/OF,Johan,Johan Camargo,Camargo,0.272727273,11,2000,ATL@BOS,ATL,BOS,,,,,,3B/OF/UTIL,3B,14
59436-13203:Eric Campbell,59436-13203,1B,Eric,Eric Campbell,Campbell,3,1,2000,SEA@OAK,SEA,OAK,,,,,,C/1B/UTIL,C/1B,11
59436-68513:Alex Blandino,59436-68513,SS,Alex,Alex Blandino,Blandino,3.697222392,36,2000,CIN@WSH,CIN,WSH,,,,,,SS/UTIL,SS,10
59436-68537:Tyler Wade,59436-68537,2B/SS,Tyler,Tyler Wade,Wade,2.256666565,30,2000,TOR@NYY,NYY,TOR,,,,,,2B/SS/UTIL,2B,13
59436-68538:Franklin Barreto,59436-68538,2B,Franklin,Franklin Barreto,Barreto,1.80952381,21,2000,TEX@LAA,LAA,TEX,IL,Elbow,,,,2B/UTIL,2B,12
59436-52157:Tom Murphy,59436-52157,C,Tom,Tom Murphy,Murphy,5.407407407,27,2000,SEA@OAK,SEA,OAK,,,,,1,C/1B/UTIL,C/1B,11
59436-52162:Hunter Dozier,59436-52162,3B/OF,Hunter,Hunter Dozier,Dozier,7,33,2000,KC@TB,KC,TB,IL,Concussion,,,,3B/OF/UTIL,3B,12
59436-80836:Tzu-Wei Lin,59436-80836,SS,Tzu-Wei,Tzu-Wei Lin,Lin,0,1,2000,BAL@MIN,MIN,BAL,IL,Undisclosed,,,,SS/UTIL,SS,10
59436-52171:Kevin Plawecki,59436-52171,C,Kevin,Kevin Plawecki,Plawecki,5.235294118,17,2000,ATL@BOS,BOS,ATL,,,,,,C/1B/UTIL,C/1B,15
59436-5077:Dexter Fowler,59436-5077,OF,Dexter,Dexter Fowler,Fowler,5.299999782,7,2000,TEX@LAA,LAA,TEX,IL,Knee,,,,OF/UTIL,OF,12
59436-52182:Reese McGuire,59436-52182,C,Reese,Reese McGuire,McGuire,4.009999847,10,2000,TOR@NYY,TOR,NYY,,,,,,C/1B/UTIL,C/1B,13
59436-52193:Nick Williams,59436-52193,OF,Nick,Nick Williams,Williams,3.849999905,4,2000,STL@CWS,CWS,STL,,,,,,OF/UTIL,OF,12
59436-5104:Pablo Sandoval,59436-5104,3B,Pablo,Pablo Sandoval,Sandoval,4.252941356,34,2000,ATL@BOS,ATL,BOS,,,,,,3B/UTIL,3B,14
59436-68593:Jorge Mateo,59436-68593,2B/OF,Jorge,Jorge Mateo,Mateo,4.096428462,28,2000,SD@MIL,SD,MIL,,,,,,2B/OF/UTIL,2B,11
59436-54307:Elias Diaz,59436-54307,C,Elias,Elias Diaz,Diaz,4.096000061,25,2000,COL@NYM,COL,NYM,,,,,,C/1B/UTIL,C/1B,9
59436-11311:Drew Butera,59436-11311,C,Drew,Drew Butera,Butera,3.270000076,10,2000,TEX@LAA,LAA,TEX,,,,,,C/1B/UTIL,C/1B,12
59436-13368:Billy Hamilton,59436-13368,OF,Billy,Billy Hamilton,Hamilton,4.603999939,25,2000,STL@CWS,CWS,STL,,,,,,OF/UTIL,OF,12
59436-148547:Scott Hurst,59436-148547,OF,Scott,Scott Hurst,Hurst,0,7,2000,STL@CWS,STL,CWS,IL,Undisclosed,,,,OF/UTIL,OF,10
59436-5189:Josh Reddick,59436-5189,OF,Josh,Josh Reddick,Reddick,4.675000191,4,2000,SF@ARI,ARI,SF,,,,,1,OF/UTIL,OF,10
59436-21573:Jace Peterson,59436-21573,OF,Jace,Jace Peterson,Peterson,6.859999847,10,2000,SD@MIL,MIL,SD,,,,,,OF/UTIL,OF,
59436-13388:Ryan LaMarre,59436-13388,OF,Ryan,Ryan LaMarre,LaMarre,1,3,2000,TOR@NYY,NYY,TOR,IL,Hamstring,,,,OF/UTIL,OF,13
59436-13412:Donovan Solano,59436-13412,2B/SS,Donovan,Donovan Solano,Solano,5.55,20,2000,SF@ARI,SF,ARI,,,,,1,2B/SS/UTIL,2B,13
59436-38004:Austin Hedges,59436-38004,C,Austin,Austin Hedges,Hedges,4.25,22,2000,CLE@DET,CLE,DET,,,,,1,C/1B/UTIL,C/1B,14
59436-13436:Max Stassi,59436-13436,C,Max,Max Stassi,Stassi,5.027272658,11,2000,TEX@LAA,LAA,TEX,IL,Concussion,,,,C/1B/UTIL,C/1B,12
59436-5282:Jeff Mathis,59436-5282,C,Jeff,Jeff Mathis,Mathis,0,4,2000,ATL@BOS,ATL,BOS,,,,,,C/1B/UTIL,C/1B,14
59436-5311:Kurt Suzuki,59436-5311,C,Kurt,Kurt Suzuki,Suzuki,4.269230769,26,2000,TEX@LAA,LAA,TEX,,,,,1,C/1B/UTIL,C/1B,12
59436-13520:Phil Gosselin,59436-13520,2B,Phil,Phil Gosselin,Gosselin,6.236842105,19,2000,TEX@LAA,LAA,TEX,,,,,,2B/UTIL,2B,12
59436-60636:Derek Hill,59436-60636,OF,Derek,Derek Hill,Hill,0,2,2000,CLE@DET,DET,CLE,,,,,,OF/UTIL,OF,10
59436-83164:Jake Cave,59436-83164,OF,Jake,Jake Cave,Cave,4.148387294,31,2000,BAL@MIN,MIN,BAL,IL,Back,,,,OF/UTIL,OF,10
59436-79070:Domingo Leyba,59436-79070,SS,Domingo,Domingo Leyba,Leyba,0.5,6,2000,SF@ARI,ARI,SF,,,,,,SS/UTIL,SS,10
59436-83177:Grayson Greiner,59436-83177,C,Grayson,Grayson Greiner,Greiner,4.478571483,14,2000,CLE@DET,DET,CLE,IL,Hamstring,,,,C/1B/UTIL,C/1B,10
59436-60649:Alex Jackson,59436-60649,C,Alex,Alex Jackson,Jackson,2.439999962,10,2000,ATL@BOS,ATL,BOS,IL,Hamstring,,,,C/1B/UTIL,C/1B,14
59436-60652:Christian Arroyo,59436-60652,2B,Christian,Christian Arroyo,Arroyo,6.44782622,23,2000,ATL@BOS,BOS,ATL,IL,Hand,,,,2B/UTIL,2B,15
59436-83186:Aristides Aquino,59436-83186,OF,Aristides,Aristides Aquino,Aquino,4.990000153,10,2000,CIN@WSH,CIN,WSH,IL,Wrist,,,,OF/UTIL,OF,10
59436-79093:Eloy Jimenez,59436-79093,OF,Eloy,Eloy Jimenez,Jimenez,11.26727295,55,2000,STL@CWS,CWS,STL,IL,Pectoral,,,,OF/UTIL,OF,12
59436-83188:Kelvin Gutierrez,59436-83188,3B,Kelvin,Kelvin Gutierrez,Gutierrez,5.762499809,8,2000,KC@TB,KC,TB,,,,,1,3B/UTIL,3B,12
59436-83195:Yonathan Daza,59436-83195,OF,Yonathan,Yonathan Daza,Daza,5.345000076,40,2000,COL@NYM,COL,NYM,,,,,,OF/UTIL,OF,9
59436-85254:Joey Bart,59436-85254,C,Joey,Joey Bart,Bart,0,1,2000,SF@ARI,SF,ARI,DTD,Groin,,,,C/1B/UTIL,C/1B,13
59436-79112:Yu Chang,59436-79112,3B,Yu,Yu Chang,Chang,3.266666554,27,2000,CLE@DET,CLE,DET,,,,,1,3B/UTIL,3B,14
59436-5390:Robinson Cano,59436-5390,2B,Robinson,Robinson Cano,Cano,9.951020533,49,2000,COL@NYM,NYM,COL,NA,Suspension,,,,2B/UTIL,2B,10
59436-79127:Derek Fisher,59436-79127,OF,Derek,Derek Fisher,Fisher,6.46875,16,2000,SD@MIL,MIL,SD,IL,Hamstring,,,,OF/UTIL,OF,
59436-79128:Garrett Stubbs,59436-79128,C,Garrett,Garrett Stubbs,Stubbs,0,1,2000,LAD@HOU,HOU,LAD,,,,,,C/1B/UTIL,C/1B,12
59436-13638:Wilmer Flores,59436-13638,1B/2B,Wilmer,Wilmer Flores,Flores,5.79523795,42,2000,SF@ARI,SF,ARI,IL,Hamstring,,,,C/1B/2B/UTIL,C/1B,13
59436-79174:Jacob Nottingham,59436-79174,C,Jacob,Jacob Nottingham,Nottingham,6.655555725,9,2000,SEA@OAK,SEA,OAK,,,,,1,C/1B/UTIL,C/1B,11
59436-79176:JT Riddle,59436-79176,OF,JT,JT Riddle,Riddle,2.299999952,4,2000,BAL@MIN,MIN,BAL,,,,,,OF/UTIL,OF,10
59436-79181:Mauricio Dubon,59436-79181,SS/OF,Mauricio,Mauricio Dubon,Dubon,4.782926978,41,2000,SF@ARI,SF,ARI,,,,,,SS/OF/UTIL,SS,13
59436-79189:Travis Blankenhorn,59436-79189,2B,Travis,Travis Blankenhorn,Blankenhorn,3.200000048,1,2000,SEA@OAK,SEA,OAK,,,,,,2B/UTIL,2B,11
59436-79190:Ben Rortvedt,59436-79190,C,Ben,Ben Rortvedt,Rortvedt,2.600000064,12,2000,BAL@MIN,MIN,BAL,,,,,,C/1B/UTIL,C/1B,10
59436-79202:Max Schrock,59436-79202,2B,Max,Max Schrock,Schrock,1.314285687,7,2000,CIN@WSH,CIN,WSH,,,,,,2B/UTIL,2B,10
59436-38247:Hanser Alberto,59436-38247,2B/3B,Hanser,Hanser Alberto,Alberto,3.802777608,36,2000,KC@TB,KC,TB,,,,,1,2B/3B/UTIL,2B,12
59436-118120:Jonah Heim,59436-118120,C,Jonah,Jonah Heim,Heim,6.345000076,20,2000,TEX@LAA,TEX,LAA,,,,,,C/1B/UTIL,C/1B,11
59436-13687:Jordy Mercer,59436-13687,3B,Jordy,Jordy Mercer,Mercer,2.522222307,18,2000,CIN@WSH,WSH,CIN,,,,,,3B/UTIL,3B,12
59436-21890:Orlando Arcia,59436-21890,SS,Orlando,Orlando Arcia,Arcia,1.625,4,2000,ATL@BOS,ATL,BOS,,,,,,SS/UTIL,SS,14
59436-38276:Albert Almora Jr.,59436-38276,OF,Albert,Albert Almora Jr.,Almora Jr.,0.45999999,20,2000,COL@NYM,NYM,COL,IL,Shoulder,,,,OF/UTIL,OF,10
59436-79240:Aramis Garcia,59436-79240,C,Aramis,Aramis Garcia,Garcia,4.127777947,18,2000,SEA@OAK,OAK,SEA,,,,,,C/1B/UTIL,C/1B,14
59436-101787:LaMonte Wade Jr.,59436-101787,OF,LaMonte,LaMonte Wade Jr.,Wade Jr.,3,5,2000,SF@ARI,SF,ARI,,,,,,OF/UTIL,OF,13
59436-38299:Kevin Pillar,59436-38299,OF,Kevin,Kevin Pillar,Pillar,6.428571429,28,2000,COL@NYM,NYM,COL,IL,Nose,,,,OF/UTIL,OF,10
59436-79263:Leody Taveras,59436-79263,OF,Leody,Leody Taveras,Taveras,3.060000102,15,2000,TEX@LAA,TEX,LAA,,,,,,OF/UTIL,OF,11
59436-79262:Ronald Guzman,59436-79262,1B,Ronald,Ronald Guzman,Guzman,3.100000109,7,2000,TEX@LAA,TEX,LAA,IL,Knee,,,,C/1B/UTIL,C/1B,11
59436-79267:Andy Ibanez,59436-79267,2B,Andy,Andy Ibanez,Ibanez,2.444444444,9,2000,TEX@LAA,TEX,LAA,,,,,,2B/UTIL,2B,11
59436-118181:Taylor Jones,59436-118181,1B/3B,Taylor,Taylor Jones,Jones,4.724999905,4,2000,LAD@HOU,HOU,LAD,,,,,,C/1B/3B/UTIL,C/1B,12
59436-101796:Braden Bishop,59436-101796,OF,Braden,Braden Bishop,Bishop,0.774999976,8,2000,SF@ARI,SF,ARI,,,,,,OF/UTIL,OF,13
59436-79277:Rowdy Tellez,59436-79277,1B,Rowdy,Rowdy Tellez,Tellez,4.567742132,31,2000,TOR@NYY,TOR,NYY,,,,,,C/1B/UTIL,C/1B,13
59436-118189:Ali Sanchez,59436-118189,C,Ali,Ali Sanchez,Sanchez,6,1,2000,STL@CWS,STL,CWS,,,,,,C/1B/UTIL,C/1B,10
59436-79279:Andrew Stevenson,59436-79279,OF,Andrew,Andrew Stevenson,Stevenson,4.613157975,38,2000,CIN@WSH,WSH,CIN,,,,,1,OF/UTIL,OF,12
59436-79278:Sheldon Neuse,59436-79278,2B/3B,Sheldon,Sheldon Neuse,Neuse,3.1,25,2000,LAD@HOU,LAD,HOU,,,,,,2B/3B/UTIL,2B,10
59436-118193:Nick Heath,59436-118193,OF,Nick,Nick Heath,Heath,3.315384498,13,2000,SF@ARI,ARI,SF,,,,,,OF/UTIL,OF,10
59436-101811:Sam Hilliard,59436-101811,OF,Sam,Sam Hilliard,Hilliard,3.759999847,20,2000,COL@NYM,COL,NYM,,,,,,OF/UTIL,OF,9
59436-38326:Nomar Mazara,59436-38326,OF,Nomar,Nomar Mazara,Mazara,6.813636086,22,2000,CLE@DET,DET,CLE,,,,,1,OF/UTIL,OF,10
59436-101817:Luis Rengifo,59436-101817,2B/3B,Luis,Luis Rengifo,Rengifo,2.299999952,4,2000,TEX@LAA,LAA,TEX,,,,,,2B/3B/UTIL,2B,12
59436-101821:Edwin Rios,59436-101821,1B/3B,Edwin,Edwin Rios,Rios,2.572000122,25,2000,LAD@HOU,LAD,HOU,IL,Shoulder,,,,C/1B/3B/UTIL,C/1B,10
59436-118204:Ryan McKenna,59436-118204,OF,Ryan,Ryan McKenna,McKenna,2.821739197,23,2000,BAL@MIN,BAL,MIN,,,,,,OF/UTIL,OF,10
59436-118211:Kevin Padlo,59436-118211,3B,Kevin,Kevin Padlo,Padlo,1.688888868,9,2000,KC@TB,TB,KC,,,,,,3B/UTIL,3B,11
59436-118214:Wyatt Mathisen,59436-118214,3B/OF,Wyatt,Wyatt Mathisen,Mathisen,3.721739064,23,2000,KC@TB,TB,KC,,,,,,3B/OF/UTIL,3B,11
59436-101832:Skye Bolt,59436-101832,OF,Skye,Skye Bolt,Bolt,0,2,2000,SEA@OAK,OAK,SEA,,,,,,OF/UTIL,OF,14
59436-101835:Austin Allen,59436-101835,C,Austin,Austin Allen,Allen,9.350000381,2,2000,SEA@OAK,OAK,SEA,,,,,,C/1B/UTIL,C/1B,14
59436-118218:Zach McKinstry,59436-118218,2B,Zach,Zach McKinstry,McKinstry,10.02352905,17,2000,LAD@HOU,LAD,HOU,IL,Oblique,,,,2B/UTIL,2B,10
59436-118222:Mark Mathias,59436-118222,2B,Mark,Mark Mathias,Mathias,4.087500095,16,2000,SD@MIL,MIL,SD,IL,Shoulder,,,,2B/UTIL,2B,
59436-118227:Jorge Ona,59436-118227,OF,Jorge,Jorge Ona,Ona,9.319999695,5,2000,SD@MIL,SD,MIL,IL,Elbow,,,,OF/UTIL,OF,11
59436-101844:Lane Thomas,59436-101844,OF,Lane,Lane Thomas,Thomas,3.284615443,13,2000,STL@CWS,STL,CWS,,,,,,OF/UTIL,OF,10
59436-101848:Scott Heineman,59436-101848,OF,Scott,Scott Heineman,Heineman,9.350000381,2,2000,CIN@WSH,CIN,WSH,,,,,,OF/UTIL,OF,10
59436-101850:Ramon Urias,59436-101850,2B,Ramon,Ramon Urias,Urias,4.549999873,24,2000,BAL@MIN,BAL,MIN,,,,,,2B/UTIL,2B,10
59436-13799:Matt Adams,59436-13799,1B,Matt,Matt Adams,Adams,1.266666651,12,2000,COL@NYM,COL,NYM,IL,Lower leg,,,,C/1B/UTIL,C/1B,9
59436-101910:Connor Joe,59436-101910,OF,Connor,Connor Joe,Joe,5.126666768,15,2000,COL@NYM,COL,NYM,,,,,,OF/UTIL,OF,9
59436-95776:Pablo Reyes,59436-95776,OF,Pablo,Pablo Reyes,Reyes,3.238888847,18,2000,SD@MIL,MIL,SD,,,,,,OF/UTIL,OF,
59436-13892:Hernan Perez,59436-13892,3B/OF,Hernan,Hernan Perez,Perez,1.219999981,10,2000,SD@MIL,MIL,SD,,,,,,3B/OF/UTIL,3B,
59436-13894:Aaron Hicks,59436-13894,OF,Aaron,Aaron Hicks,Hicks,7.706250191,32,2000,TOR@NYY,NYY,TOR,IL,Wrist,,,,OF/UTIL,OF,13
59436-13917:Juan Lagares,59436-13917,OF,Juan,Juan Lagares,Lagares,6.082353031,17,2000,TEX@LAA,LAA,TEX,,,,,1,OF/UTIL,OF,12
59436-81511:Kyle Farmer,59436-81511,2B/SS,Kyle,Kyle Farmer,Farmer,4.841860394,43,2000,CIN@WSH,CIN,WSH,,,,,1,2B/SS/UTIL,2B,10
59436-116339:Abraham Toro,59436-116339,3B,Abraham,Abraham Toro,Toro,1,6,2000,LAD@HOU,HOU,LAD,IL,Oblique,,,,3B/UTIL,3B,12
59436-118396:Mark Payton,59436-118396,OF,Mark,Mark Payton,Payton,1.184615355,13,2000,CIN@WSH,CIN,WSH,,,,,,OF/UTIL,OF,10
59436-118398:Vimael Machin,59436-118398,SS,Vimael,Vimael Machin,Machin,1.744444423,9,2000,SEA@OAK,OAK,SEA,,,,,,SS/UTIL,SS,14
59436-118408:Yoshi Tsutsugo,59436-118408,3B/OF,Yoshi,Yoshi Tsutsugo,Tsutsugo,4.216128934,31,2000,LAD@HOU,LAD,HOU,,,,,1,3B/OF/UTIL,3B,10
59436-52878:Billy McKinney,59436-52878,OF,Billy,Billy McKinney,McKinney,4.395000076,40,2000,SD@MIL,MIL,SD,,,,,,OF/UTIL,OF,
59436-104085:Josh VanMeter,59436-104085,2B,Josh,Josh VanMeter,VanMeter,3.959459459,37,2000,SF@ARI,ARI,SF,,,,,,2B/UTIL,2B,10
59436-81570:Cam Gallagher,59436-81570,C,Cam,Cam Gallagher,Gallagher,2.192857197,14,2000,KC@TB,KC,TB,,,,,,C/1B/UTIL,C/1B,12
59436-114357:Brian O'Grady,59436-114357,C,Brian,Brian O'Grady,O'Grady,3.649999936,12,2000,SD@MIL,SD,MIL,,,,,,C/1B/UTIL,C/1B,11
59436-14038:Khris Davis,59436-14038,OF,Khris,Khris Davis,Davis,3.307142803,14,2000,TEX@LAA,TEX,LAA,,,,,1,OF/UTIL,OF,11
59436-118497:Shogo Akiyama,59436-118497,OF,Shogo,Shogo Akiyama,Akiyama,3.32857132,14,2000,CIN@WSH,CIN,WSH,,,,,,OF/UTIL,OF,10
59436-112379:Tim Lopes,59436-112379,OF,Tim,Tim Lopes,Lopes,6.819565483,46,2000,SD@MIL,MIL,SD,IL,Oblique,,,,OF/UTIL,OF,
59436-52995:Luke Maile,59436-52995,C,Luke,Luke Maile,Maile,3.837500095,8,2000,SD@MIL,MIL,SD,,,,,,C/1B/UTIL,C/1B,
59436-53007:Daniel Robertson,59436-53007,3B,Daniel,Daniel Robertson,Robertson,2.633333297,21,2000,SD@MIL,MIL,SD,,,,,,3B/UTIL,3B,
59436-5904:Chris Davis,59436-5904,1B,Chris,Chris Davis,Davis,3.068749905,16,2000,BAL@MIN,BAL,MIN,IL,Hip,,,,C/1B/UTIL,C/1B,10
59436-104273:Anthony Bemboom,59436-104273,C,Anthony,Anthony Bemboom,Bemboom,4.116666794,6,2000,TEX@LAA,LAA,TEX,,,,,,C/1B/UTIL,C/1B,12
59436-137070:Joseph Odom,59436-137070,C,Joseph,Joseph Odom,Odom,0,2,2000,KC@TB,TB,KC,,,,,,C/1B/UTIL,C/1B,11
59436-149374:Sean Kazmar Jr.,59436-149374,SS,Sean,Sean Kazmar Jr.,Kazmar Jr.,0,3,2000,ATL@BOS,ATL,BOS,,,,,,SS/UTIL,SS,14
59436-102285:Cristian Pache,59436-102285,OF,Cristian,Cristian Pache,Pache,3.554545316,22,2000,ATL@BOS,ATL,BOS,IL,Hamstring,,,,OF/UTIL,OF,14
59436-102320:Luis Gonzalez,59436-102320,OF,Luis,Luis Gonzalez,Gonzalez,0,1,2000,STL@CWS,CWS,STL,,,,,,OF/UTIL,OF,12
59436-102341:DJ Peters,59436-102341,OF,DJ,DJ Peters,Peters,4.153333282,15,2000,LAD@HOU,LAD,HOU,,,,,1,OF/UTIL,OF,10
59436-12237:Jonathan Lucroy,59436-12237,C,Jonathan,Jonathan Lucroy,Lucroy,5,5,2000,ATL@BOS,ATL,BOS,,,,,,C/1B/UTIL,C/1B,14
59436-102363:Luke Raley,59436-102363,OF,Luke,Luke Raley,Raley,3.069565151,23,2000,LAD@HOU,LAD,HOU,,,,,,OF/UTIL,OF,10
