entry_id,contest_id,contest_name,P,C/1B,2B,3B,SS,OF,OF,OF,UTIL,"","Instructions"
"2487716084","59175-246503153","$5K Thu MLB Wiffle Ball (150 Entries Max)","59175-17087","59175-17139","59175-21705","59175-102370","59175-82654","59175-12948","59175-73023","59175-13909","59175-119404","","1) Edit your lineup by inserting any player from this list into their appropriate position columns"
"","","","","","","","","","","","","","2) You can paste either the Player ID + Name OR ID from their respective columns"
"","","","","","","","","","","","","","3) Any information to the right of the last position column will be ignored in the upload. Don't leave blank rows. Any entries after a blank row will not be edited"
"","","","","","","","","","","","","","4) You can not use this form to create new entries"
"","","","","","","","","","","","",""
"","","","","","","","","","","","","",Player ID + Player Name,Id,Position,First Name,Nickname,Last Name,FPPG,Played,Salary,Game,Team,Opponent,Injury Indicator,Injury Details,Tier,Probable Pitcher,Batting Order,Roster Position
"","","","","","","","","","","","","",59175-16959:Trevor Bauer,59175-16959,P,Trevor,Trevor Bauer,Bauer,45.888888888888886,9,11300,ARI@LAD,LAD,ARI,,,,,,P
"","","","","","","","","","","","","",59175-16960:Zack Wheeler,59175-16960,P,Zack,Zack Wheeler,Wheeler,41.22222222222222,9,10400,MIA@PHI,PHI,MIA,,,,,,P
"","","","","","","","","","","","","",59175-60647:Aaron Nola,59175-60647,P,Aaron,Aaron Nola,Nola,35.333333333333336,9,10200,MIA@PHI,PHI,MIA,,,,,,P
"","","","","","","","","","","","","",59175-5427:Clayton Kershaw,59175-5427,P,Clayton,Clayton Kershaw,Kershaw,30.416666666666668,12,10200,ARI@LAD,LAD,ARI,,,,,,P
"","","","","","","","","","","","","",59175-52166:Julio Urias,59175-52166,P,Julio,Julio Urias,Urias,38.666666666666664,9,10000,ARI@LAD,LAD,ARI,,,,,,P
"","","","","","","","","","","","","",59175-79168:Walker Buehler,59175-79168,P,Walker,Walker Buehler,Buehler,37.625,8,9900,ARI@LAD,LAD,ARI,,,,,,P
"","","","","","","","","","","","","",59175-79951:Nick Pivetta,59175-79951,P,Nick,Nick Pivetta,Pivetta,31.375,8,9800,BOS@TOR,BOS,TOR,,,,Yes,,P
"","","","","","","","","","","","","",59175-82594:Dustin May,59175-82594,P,Dustin,Dustin May,May,33.4,5,9700,ARI@LAD,LAD,ARI,IL,Elbow,,,,P
"","","","","","","","","","","","","",59175-82607:Trevor Rogers,59175-82607,P,Trevor,Trevor Rogers,Rogers,41.77777777777778,9,9700,MIA@PHI,MIA,PHI,,,,,0,P
"","","","","","","","","","","","","",59175-12477:Chris Sale,59175-12477,P,Chris,Chris Sale,Sale,,,9500,BOS@TOR,BOS,TOR,IL,Elbow,,,,P
"","","","","","","","","","","","","",59175-68482:Zach Eflin,59175-68482,P,Zach,Zach Eflin,Eflin,34.111111111111114,9,9300,MIA@PHI,PHI,MIA,,,,,,P
"","","","","","","","","","","","","",59175-79245:Sandy Alcantara,59175-79245,P,Sandy,Sandy Alcantara,Alcantara,29.666666666666668,9,9300,MIA@PHI,MIA,PHI,,,,Yes,,P
"","","","","","","","","","","","","",59175-82540:Tanner Houck,59175-82540,P,Tanner,Tanner Houck,Houck,17.333333333333332,3,9000,BOS@TOR,BOS,TOR,O,Arm,,,,P
"","","","","","","","","","","","","",59175-52174:Steven Matz,59175-52174,P,Steven,Steven Matz,Matz,30.75,8,9000,BOS@TOR,TOR,BOS,,,,Yes,,P
"","","","","","","","","","","","","",59175-37014:Hyun Jin Ryu,59175-37014,P,Hyun Jin,Hyun Jin Ryu,Ryu,34.5,8,8600,BOS@TOR,TOR,BOS,,,,,,P
"","","","","","","","","","","","","",59175-6311:Madison Bumgarner,59175-6311,P,Madison,Madison Bumgarner,Bumgarner,27.5,10,8600,ARI@LAD,ARI,LAD,DTD,Groin,,,,P
"","","","","","","","","","","","","",59175-83152:Pablo Lopez,59175-83152,P,Pablo,Pablo Lopez,Lopez,25.6,10,8600,MIA@PHI,MIA,PHI,,,,,0,P
"","","","","","","","","","","","","",59175-13233:Nathan Eovaldi,59175-13233,P,Nathan,Nathan Eovaldi,Eovaldi,28,9,8600,BOS@TOR,BOS,TOR,,,,,,P
"","","","","","","","","","","","","",59175-85251:Zac Gallen,59175-85251,P,Zac,Zac Gallen,Gallen,32.6,5,8400,ARI@LAD,ARI,LAD,IL,Elbow,,,,P
"","","","","","","","","","","","","",59175-101804:Huascar Ynoa,59175-101804,P,Huascar,Huascar Ynoa,Ynoa,31,9,8400,PIT@ATL,ATL,PIT,IL,Hand,,,,P
"","","","","","","","","","","","","",59175-38246:Tyler Anderson,59175-38246,P,Tyler,Tyler Anderson,Anderson,30.875,8,8300,PIT@ATL,PIT,ATL,,,,,,P
"","","","","","","","","","","","","",59175-13019:Garrett Richards,59175-13019,P,Garrett,Garrett Richards,Richards,27.77777777777778,9,8100,BOS@TOR,BOS,TOR,,,,,,P
"","","","","","","","","","","","","",59175-79073:Mike Soroka,59175-79073,P,Mike,Mike Soroka,Soroka,17,3,8000,PIT@ATL,ATL,PIT,IL,Shoulder,,,,P
"","","","","","","","","","","","","",59175-53029:Robbie Ray,59175-53029,P,Robbie,Robbie Ray,Ray,34.57142857142857,7,8000,BOS@TOR,TOR,BOS,,,,,,P
"","","","","","","","","","","","","",59175-79078:Ian Anderson,59175-79078,P,Ian,Ian Anderson,Anderson,32.75,8,7900,PIT@ATL,ATL,PIT,,,,,,P
"","","","","","","","","","","","","",59175-62872:Vince Velasquez,59175-62872,P,Vince,Vince Velasquez,Velasquez,21.625,8,7900,MIA@PHI,PHI,MIA,,,,Yes,,P
"","","","","","","","","","","","","",59175-52142:Eduardo Rodriguez,59175-52142,P,Eduardo,Eduardo Rodriguez,Rodriguez,30.625,8,7700,BOS@TOR,BOS,TOR,,,,,,P
"","","","","","","","","","","","","",59175-82535:Kyle Wright,59175-82535,P,Kyle,Kyle Wright,Wright,22,1,7500,PIT@ATL,ATL,PIT,,,,,,P
"","","","","","","","","","","","","",59175-101838:JT Brubaker,59175-101838,P,JT,JT Brubaker,Brubaker,30.75,8,7400,PIT@ATL,PIT,ATL,,,,,,P
"","","","","","","","","","","","","",59175-17087:Drew Smyly,59175-17087,P,Drew,Drew Smyly,Smyly,20.142857142857142,7,7300,PIT@ATL,ATL,PIT,,,,Yes,,P
"","","","","","","","","","","","","",59175-5784:David Price,59175-5784,P,David,David Price,Price,7,8,7200,ARI@LAD,LAD,ARI,,,,,,P
"","","","","","","","","","","","","",59175-52185:Max Fried,59175-52185,P,Max,Max Fried,Fried,20.428571428571427,7,7200,PIT@ATL,ATL,PIT,DTD,Hand,,,,P
"","","","","","","","","","","","","",59175-85265:Taylor Widener,59175-85265,P,Taylor,Taylor Widener,Widener,28.5,4,7000,ARI@LAD,ARI,LAD,IL,Groin,,,,P
"","","","","","","","","","","","","",59175-102343:Tony Gonsolin,59175-102343,P,Tony,Tony Gonsolin,Gonsolin,29.555555555555557,9,7000,ARI@LAD,LAD,ARI,IL,Shoulder,,,,P
"","","","","","","","","","","","","",59175-81051:Caleb Smith,59175-81051,P,Caleb,Caleb Smith,Smith,9.470588235294118,17,6900,ARI@LAD,ARI,LAD,,,,,,P
"","","","","","","","","","","","","",59175-68561:Luke Weaver,59175-68561,P,Luke,Luke Weaver,Weaver,24.25,8,6900,ARI@LAD,ARI,LAD,IL,Shoulder,,,,P
"","","","","","","","","","","","","",59175-5466:Charlie Morton,59175-5466,P,Charlie,Charlie Morton,Morton,27.333333333333332,9,6800,PIT@ATL,ATL,PIT,,,,,,P
"","","","","","","","","","","","","",59175-82810:Elieser Hernandez,59175-82810,P,Elieser,Elieser Hernandez,Hernandez,10,1,6800,MIA@PHI,MIA,PHI,IL,Biceps,,,0,P
"","","","","","","","","","","","","",59175-11328:Martin Perez,59175-11328,P,Martin,Martin Perez,Perez,24.375,8,6700,BOS@TOR,BOS,TOR,,,,,,P
"","","","","","","","","","","","","",59175-60627:Touki Toussaint,59175-60627,P,Touki,Touki Toussaint,Toussaint,13.571428571428571,7,6600,PIT@ATL,ATL,PIT,IL,Shoulder,,,,P
"","","","","","","","","","","","","",59175-38311:Ross Stripling,59175-38311,P,Ross,Ross Stripling,Stripling,17,6,6600,BOS@TOR,TOR,BOS,,,,,,P
"","","","","","","","","","","","","",59175-82657:Wil Crowe,59175-82657,P,Wil,Wil Crowe,Crowe,17.4,5,6500,PIT@ATL,PIT,ATL,,,,Yes,,P
"","","","","","","","","","","","","",59175-12934:Tyler Chatwood,59175-12934,P,Tyler,Tyler Chatwood,Chatwood,7.5,14,6400,BOS@TOR,TOR,BOS,,,,,,P
"","","","","","","","","","","","","",59175-38161:Chase Anderson,59175-38161,P,Chase,Chase Anderson,Anderson,14,8,6400,MIA@PHI,PHI,MIA,,,,,,P
"","","","","","","","","","","","","",59175-79071:Taylor Clarke,59175-79071,P,Taylor,Taylor Clarke,Clarke,5.111111111111111,18,6300,ARI@LAD,ARI,LAD,,,,,,P
"","","","","","","","","","","","","",59175-101881:Merrill Kelly,59175-101881,P,Merrill,Merrill Kelly,Kelly,22.25,8,6300,ARI@LAD,ARI,LAD,,,,Yes,,P
"","","","","","","","","","","","","",59175-71188:Steven Brault,59175-71188,P,Steven,Steven Brault,Brault,18.90909090909091,11,6200,PIT@ATL,PIT,ATL,IL,Lat,,,,P
"","","","","","","","","","","","","",59175-12946:Matt Moore,59175-12946,P,Matt,Matt Moore,Moore,6.875,8,6100,MIA@PHI,PHI,MIA,,,,,,P
"","","","","","","","","","","","","",59175-38101:Tanner Roark,59175-38101,P,Tanner,Tanner Roark,Roark,7,3,6100,PIT@ATL,ATL,PIT,,,,,,P
"","","","","","","","","","","","","",59175-15221:Tommy Milone,59175-15221,P,Tommy,Tommy Milone,Milone,11.5,6,6100,BOS@TOR,TOR,BOS,IL,Shoulder,,,,P
"","","","","","","","","","","","","",59175-79276:T.J. Zeuch,59175-79276,P,T.J.,T.J. Zeuch,Zeuch,6.75,4,6100,BOS@TOR,TOR,BOS,,,,,,P
"","","","","","","","","","","","","",59175-82534:Bryse Wilson,59175-82534,P,Bryse,Bryse Wilson,Wilson,16,4,6000,PIT@ATL,ATL,PIT,,,,,,P
"","","","","","","","","","","","","",59175-102530:Spencer Howard,59175-102530,P,Spencer,Spencer Howard,Howard,8.333333333333334,3,6000,MIA@PHI,PHI,MIA,,,,,,P
"","","","","","","","","","","","","",59175-79067:Alex Young,59175-79067,P,Alex,Alex Young,Young,5.7894736842105265,19,6000,ARI@LAD,ARI,LAD,,,,,,P
"","","","","","","","","","","","","",59175-82656:Nate Pearson,59175-82656,P,Nate,Nate Pearson,Pearson,-2,1,6000,BOS@TOR,TOR,BOS,,,,,,P
"","","","","","","","","","","","","",59175-38164:Jimmy Nelson,59175-38164,P,Jimmy,Jimmy Nelson,Nelson,7.733333333333333,15,6000,ARI@LAD,LAD,ARI,,,,,,P
"","","","","","","","","","","","","",59175-79201:Anthony Kay,59175-79201,P,Anthony,Anthony Kay,Kay,14,4,6000,BOS@TOR,TOR,BOS,,,,,,P
"","","","","","","","","","","","","",59175-79217:Mitch Keller,59175-79217,P,Mitch,Mitch Keller,Keller,16.75,8,6000,PIT@ATL,PIT,ATL,,,,,,P
"","","","","","","","","","","","","",59175-60637:Sean Newcomb,59175-60637,P,Sean,Sean Newcomb,Newcomb,6.181818181818182,11,5900,PIT@ATL,ATL,PIT,,,,,,P
"","","","","","","","","","","","","",59175-79180:Cody Ponce,59175-79180,P,Cody,Cody Ponce,Ponce,15,5,5900,PIT@ATL,PIT,ATL,,,,,,P
"","","","","","","","","","","","","",59175-68484:Chad Kuhl,59175-68484,P,Chad,Chad Kuhl,Kuhl,14,4,5900,PIT@ATL,PIT,ATL,IL,Shoulder,,,,P
"","","","","","","","","","","","","",59175-118215:Riley Smith,59175-118215,P,Riley,Riley Smith,Smith,8.375,8,5800,ARI@LAD,ARI,LAD,,,,,,P
"","","","","","","","","","","","","",59175-5599:Trevor Cahill,59175-5599,P,Trevor,Trevor Cahill,Cahill,15.375,8,5800,PIT@ATL,PIT,ATL,DTD,Calf,,,,P
"","","","","","","","","","","","","",59175-135250:Daniel Castano,59175-135250,P,Daniel,Daniel Castano,Castano,13,4,5700,MIA@PHI,MIA,PHI,,,,,0,P
"","","","","","","","","","","","","",59175-52887:Tyler Matzek,59175-52887,P,Tyler,Tyler Matzek,Matzek,6.157894736842105,19,5700,PIT@ATL,ATL,PIT,,,,,,P
"","","","","","","","","","","","","",59175-12455:Josh Tomlin,59175-12455,P,Josh,Josh Tomlin,Tomlin,4.3125,16,5700,PIT@ATL,ATL,PIT,,,,,,P
"","","","","","","","","","","","","",59175-82653:Ryan Borucki,59175-82653,P,Ryan,Ryan Borucki,Borucki,6.3076923076923075,13,5700,BOS@TOR,TOR,BOS,IL,Forearm,,,,P
"","","","","","","","","","","","","",59175-79235:Nick Neidert,59175-79235,P,Nick,Nick Neidert,Neidert,11,3,5700,MIA@PHI,MIA,PHI,,,,,0,P
"","","","","","","","","","","","","",59175-21919:Matt Andriese,59175-21919,P,Matt,Matt Andriese,Andriese,6.466666666666667,15,5700,BOS@TOR,BOS,TOR,,,,,,P
"","","","","","","","","","","","","",59175-71742:Grant Dayton,59175-71742,P,Grant,Grant Dayton,Dayton,4.666666666666667,9,5600,PIT@ATL,ATL,PIT,,,,,,P
"","","","","","","","","","","","","",59175-102505:Edwin Uceta,59175-102505,P,Edwin,Edwin Uceta,Uceta,12.333333333333334,3,5600,ARI@LAD,LAD,ARI,,,,,,P
"","","","","","","","","","","","","",59175-101855:Trent Thornton,59175-101855,P,Trent,Trent Thornton,Thornton,8.615384615384615,13,5600,BOS@TOR,TOR,BOS,,,,,,P
"","","","","","","","","","","","","",59175-13312:Ryan Brasier,59175-13312,P,Ryan,Ryan Brasier,Brasier,5.52,25,5500,BOS@TOR,BOS,TOR,IL,Calf,,,,P
"","","","","","","","","","","","","",59175-119298:Luis Frias,59175-119298,P,Luis,Luis Frias,Frias,,,5500,ARI@LAD,ARI,LAD,,,,,,P
"","","","","","","","","","","","","",59175-81925:Richard Rodriguez,59175-81925,P,Richard,Richard Rodriguez,Rodriguez,6,17,5500,PIT@ATL,PIT,ATL,,,,,,P
"","","","","","","","","","","","","",59175-101904:Jordan Romano,59175-101904,P,Jordan,Jordan Romano,Romano,6.357142857142857,14,5500,BOS@TOR,TOR,BOS,,,,,,P
"","","","","","","","","","","","","",59175-101909:Travis Bergen,59175-101909,P,Travis,Travis Bergen,Bergen,7.25,8,5500,BOS@TOR,TOR,BOS,,,,,,P
"","","","","","","","","","","","","",59175-5658:Joakim Soria,59175-5658,P,Joakim,Joakim Soria,Soria,2.8333333333333335,6,5500,ARI@LAD,ARI,LAD,,,,,,P
"","","","","","","","","","","","","",59175-95774:Jeff Brigham,59175-95774,P,Jeff,Jeff Brigham,Brigham,0,1,5500,MIA@PHI,MIA,PHI,IL,Undisclosed,,,0,P
"","","","","","","","","","","","","",59175-82986:Colten Brewer,59175-82986,P,Colten,Colten Brewer,Brewer,9.454545454545455,11,5500,BOS@TOR,BOS,TOR,,,,,,P
"","","","","","","","","","","","","",59175-71218:Dylan Floro,59175-71218,P,Dylan,Dylan Floro,Floro,4.714285714285714,21,5500,MIA@PHI,MIA,PHI,,,,,0,P
"","","","","","","","","","","","","",59175-79927:Stefan Crichton,59175-79927,P,Stefan,Stefan Crichton,Crichton,2.8125,16,5500,ARI@LAD,ARI,LAD,,,,,,P
"","","","","","","","","","","","","",59175-104512:Geoff Hartlieb,59175-104512,P,Geoff,Geoff Hartlieb,Hartlieb,3,1,5500,PIT@ATL,PIT,ATL,,,,,,P
"","","","","","","","","","","","","",59175-38981:Brandon Workman,59175-38981,P,Brandon,Brandon Workman,Workman,3.9,10,5500,BOS@TOR,BOS,TOR,,,,,,P
"","","","","","","","","","","","","",59175-135247:Jeremy Beasley,59175-135247,P,Jeremy,Jeremy Beasley,Beasley,7.666666666666667,3,5500,BOS@TOR,TOR,BOS,,,,,,P
"","","","","","","","","","","","","",59175-149587:Jay Flaa,59175-149587,P,Jay,Jay Flaa,Flaa,7,1,5500,PIT@ATL,ATL,PIT,,,,,,P
"","","","","","","","","","","","","",59175-135253:Alex Vesia,59175-135253,P,Alex,Alex Vesia,Vesia,7.5,4,5500,ARI@LAD,LAD,ARI,,,,,,P
"","","","","","","","","","","","","",59175-135258:Ramon Rosso,59175-135258,P,Ramon,Ramon Rosso,Rosso,4,1,5500,MIA@PHI,PHI,MIA,,,,,,P
"","","","","","","","","","","","","",59175-150106:Nick Allgeyer,59175-150106,P,Nick,Nick Allgeyer,Allgeyer,,,5500,BOS@TOR,TOR,BOS,,,,,,P
"","","","","","","","","","","","","",59175-135256:Connor Brogdon,59175-135256,P,Connor,Connor Brogdon,Brogdon,4.388888888888889,18,5500,MIA@PHI,PHI,MIA,,,,,,P
"","","","","","","","","","","","","",59175-135257:Damon Jones,59175-135257,P,Damon,Damon Jones,Jones,,,5500,MIA@PHI,PHI,MIA,,,,,,P
"","","","","","","","","","","","","",59175-13404:Anthony Bass,59175-13404,P,Anthony,Anthony Bass,Bass,3.8333333333333335,18,5500,MIA@PHI,MIA,PHI,,,,,0,P
"","","","","","","","","","","","","",59175-82018:Victor Arano,59175-82018,P,Victor,Victor Arano,Arano,,,5500,PIT@ATL,ATL,PIT,,,,,,P
"","","","","","","","","","","","","",59175-116839:David Bednar,59175-116839,P,David,David Bednar,Bednar,5.222222222222222,18,5500,PIT@ATL,PIT,ATL,,,,,,P
"","","","","","","","","","","","","",59175-72809:Austin Brice,59175-72809,P,Austin,Austin Brice,Brice,2.9166666666666665,12,5500,BOS@TOR,BOS,TOR,,,,,,P
"","","","","","","","","","","","","",59175-82538:Darwinzon Hernandez,59175-82538,P,Darwinzon,Darwinzon Hernandez,Hernandez,4.733333333333333,15,5500,BOS@TOR,BOS,TOR,,,,,,P
"","","","","","","","","","","","","",59175-38001:Matt Barnes,59175-38001,P,Matt,Matt Barnes,Barnes,8.105263157894736,19,5500,BOS@TOR,BOS,TOR,,,,,,P
"","","","","","","","","","","","","",59175-135283:Ty Tice,59175-135283,P,Ty,Ty Tice,Tice,6.75,4,5500,BOS@TOR,TOR,BOS,,,,,,P
"","","","","","","","","","","","","",59175-82547:Thomas Hatch,59175-82547,P,Thomas,Thomas Hatch,Hatch,8.352941176470589,17,5500,BOS@TOR,TOR,BOS,IL,Elbow,,,,P
"","","","","","","","","","","","","",59175-85108:Enyel De Los Santos,59175-85108,P,Enyel,Enyel De Los Santos,De Los Santos,1,3,5500,MIA@PHI,PHI,MIA,,,,,,P
"","","","","","","","","","","","","",59175-52865:Corey Knebel,59175-52865,P,Corey,Corey Knebel,Knebel,5.25,8,5500,ARI@LAD,LAD,ARI,IL,Lat,,,,P
"","","","","","","","","","","","","",59175-73869:Joe Mantiply,59175-73869,P,Joe,Joe Mantiply,Mantiply,5.333333333333333,3,5500,ARI@LAD,ARI,LAD,,,,,,P
"","","","","","","","","","","","","",59175-13458:Nate Jones,59175-13458,P,Nate,Nate Jones,Jones,3.3333333333333335,12,5500,ARI@LAD,LAD,ARI,,,,,,P
"","","","","","","","","","","","","",59175-21653:Hector Neris,59175-21653,P,Hector,Hector Neris,Neris,6.35,20,5500,MIA@PHI,PHI,MIA,,,,,,P
"","","","","","","","","","","","","",59175-82584:J.B. Bukauskas,59175-82584,P,J.B.,J.B. Bukauskas,Bukauskas,2.909090909090909,11,5500,ARI@LAD,ARI,LAD,IL,Elbow,,,,P
"","","","","","","","","","","","","",59175-82592:Dennis Santana,59175-82592,P,Dennis,Dennis Santana,Santana,2.357142857142857,14,5500,ARI@LAD,LAD,ARI,,,,,,P
"","","","","","","","","","","","","",59175-38563:Yimi Garcia,59175-38563,P,Yimi,Yimi Garcia,Garcia,6.111111111111111,18,5500,MIA@PHI,MIA,PHI,,,,,0,P
"","","","","","","","","","","","","",59175-80034:Jose Alvarado,59175-80034,P,Jose,Jose Alvarado,Alvarado,6.4375,16,5500,MIA@PHI,PHI,MIA,,,,,,P
"","","","","","","","","","","","","",59175-12452:Kenley Jansen,59175-12452,P,Kenley,Kenley Jansen,Jansen,6.470588235294118,17,5500,ARI@LAD,LAD,ARI,,,,,,P
"","","","","","","","","","","","","",59175-13479:Joe Kelly,59175-13479,P,Joe,Joe Kelly,Kelly,2,4,5500,ARI@LAD,LAD,ARI,,,,,,P
"","","","","","","","","","","","","",59175-17065:Blake Treinen,59175-17065,P,Blake,Blake Treinen,Treinen,6.166666666666667,18,5500,ARI@LAD,LAD,ARI,,,,,,P
"","","","","","","","","","","","","",59175-39081:Chasen Shreve,59175-39081,P,Chasen,Chasen Shreve,Shreve,4.25,4,5500,PIT@ATL,PIT,ATL,,,,,,P
"","","","","","","","","","","","","",59175-82603:Mitch White,59175-82603,P,Mitch,Mitch White,White,5.333333333333333,6,5500,ARI@LAD,LAD,ARI,,,,,,P
"","","","","","","","","","","","","",59175-84651:Austin Davis,59175-84651,P,Austin,Austin Davis,Davis,1.2222222222222223,9,5500,PIT@ATL,PIT,ATL,IL,Elbow,,,,P
"","","","","","","","","","","","","",59175-114356:Kevin Ginkel,59175-114356,P,Kevin,Kevin Ginkel,Ginkel,3.0476190476190474,21,5500,ARI@LAD,ARI,LAD,,,,,,P
"","","","","","","","","","","","","",59175-145591:Eduard Bazardo,59175-145591,P,Eduard,Eduard Bazardo,Bazardo,9,2,5500,BOS@TOR,BOS,TOR,O,Lat,,,,P
"","","","","","","","","","","","","",59175-13495:Rafael Dolis,59175-13495,P,Rafael,Rafael Dolis,Dolis,4.8125,16,5500,BOS@TOR,TOR,BOS,,,,,,P
"","","","","","","","","","","","","",59175-80566:Seth Frankoff,59175-80566,P,Seth,Seth Frankoff,Frankoff,20,1,5500,ARI@LAD,ARI,LAD,,,,,,P
"","","","","","","","","","","","","",59175-80568:Edgar Santana,59175-80568,P,Edgar,Edgar Santana,Santana,3,5,5500,PIT@ATL,ATL,PIT,,,,,,P
"","","","","","","","","","","","","",59175-137410:Humberto Castellanos,59175-137410,P,Humberto,Humberto Castellanos,Castellanos,5.5,8,5500,ARI@LAD,ARI,LAD,,,,,,P
"","","","","","","","","","","","","",59175-82627:JoJo Romero,59175-82627,P,JoJo,JoJo Romero,Romero,2.727272727272727,11,5500,MIA@PHI,PHI,MIA,IL,Elbow,,,,P
"","","","","","","","","","","","","",59175-38596:Chris Martin,59175-38596,P,Chris,Chris Martin,Martin,4,5,5500,PIT@ATL,ATL,PIT,,,,,,P
"","","","","","","","","","","","","",59175-81615:Tim Mayza,59175-81615,P,Tim,Tim Mayza,Mayza,2.6875,16,5500,BOS@TOR,TOR,BOS,,,,,,P
"","","","","","","","","","","","","",59175-38096:David Hale,59175-38096,P,David,David Hale,Hale,5.636363636363637,11,5500,MIA@PHI,PHI,MIA,,,,,,P
"","","","","","","","","","","","","",59175-13010:David Phelps,59175-13010,P,David,David Phelps,Phelps,6.636363636363637,11,5500,BOS@TOR,TOR,BOS,IL,Lat,,,,P
"","","","","","","","","","","","","",59175-145622:Matt Peacock,59175-145622,P,Matt,Matt Peacock,Peacock,8.1,10,5500,ARI@LAD,ARI,LAD,,,,,,P
"","","","","","","","","","","","","",59175-83158:Seranthony Dominguez,59175-83158,P,Seranthony,Seranthony Dominguez,Dominguez,,,5500,MIA@PHI,PHI,MIA,IL,Elbow,,,,P
"","","","","","","","","","","","","",59175-38106:Kirby Yates,59175-38106,P,Kirby,Kirby Yates,Yates,3.1666666666666665,6,5500,BOS@TOR,TOR,BOS,IL,Elbow,,,,P
"","","","","","","","","","","","","",59175-145625:Bailey Falter,59175-145625,P,Bailey,Bailey Falter,Falter,6,1,5500,MIA@PHI,PHI,MIA,,,,,,P
"","","","","","","","","","","","","",59175-149731:Anthony Bender,59175-149731,P,Anthony,Anthony Bender,Bender,6.833333333333333,6,5500,MIA@PHI,MIA,PHI,,,,,0,P
"","","","","","","","","","","","","",59175-147169:Hirokazu Sawamura,59175-147169,P,Hirokazu,Hirokazu Sawamura,Sawamura,7.142857142857143,14,5500,BOS@TOR,BOS,TOR,,,,,,P
"","","","","","","","","","","","","",59175-81641:John Curtiss,59175-81641,P,John,John Curtiss,Curtiss,7.235294117647059,17,5500,MIA@PHI,MIA,PHI,,,,,0,P
"","","","","","","","","","","","","",59175-81642:A.J. Minter,59175-81642,P,A.J.,A.J. Minter,Minter,4.619047619047619,21,5500,PIT@ATL,ATL,PIT,,,,,,P
"","","","","","","","","","","","","",59175-83184:Julian Merryweather,59175-83184,P,Julian,Julian Merryweather,Merryweather,8.5,4,5500,BOS@TOR,TOR,BOS,IL,Oblique,,,,P
"","","","","","","","","","","","","",59175-83194:Sam Howard,59175-83194,P,Sam,Sam Howard,Howard,5.6,20,5500,PIT@ATL,PIT,ATL,,,,,,P
"","","","","","","","","","","","","",59175-38144:Shane Greene,59175-38144,P,Shane,Shane Greene,Greene,4.571428571428571,28,5500,PIT@ATL,ATL,PIT,,,,,,P
"","","","","","","","","","","","","",59175-85252:Jorge Guzman,59175-85252,P,Jorge,Jorge Guzman,Guzman,-3,1,5500,MIA@PHI,MIA,PHI,IL,Elbow,,,0,P
"","","","","","","","","","","","","",59175-5911:Ross Detwiler,59175-5911,P,Ross,Ross Detwiler,Detwiler,5.3125,16,5500,MIA@PHI,MIA,PHI,,,,,0,P
"","","","","","","","","","","","","",59175-38171:Mike Kickham,59175-38171,P,Mike,Mike Kickham,Kickham,3,1,5500,ARI@LAD,LAD,ARI,,,,,,P
"","","","","","","","","","","","","",59175-12581:Brandon Kintzler,59175-12581,P,Brandon,Brandon Kintzler,Kintzler,3.642857142857143,14,5500,MIA@PHI,PHI,MIA,,,,,,P
"","","","","","","","","","","","","",59175-85288:Brusdar Graterol,59175-85288,P,Brusdar,Brusdar Graterol,Graterol,-0.6666666666666666,3,5500,ARI@LAD,LAD,ARI,IL,Forearm,,,,P
"","","","","","","","","","","","","",59175-79161:Braxton Garrett,59175-79161,P,Braxton,Braxton Garrett,Garrett,6,1,5500,MIA@PHI,MIA,PHI,,,,,0,P
"","","","","","","","","","","","","",59175-79171:Phil Bickford,59175-79171,P,Phil,Phil Bickford,Bickford,-3,1,5500,ARI@LAD,LAD,ARI,,,,,,P
"","","","","","","","","","","","","",59175-38217:Tommy Kahnle,59175-38217,P,Tommy,Tommy Kahnle,Kahnle,12,1,5500,ARI@LAD,LAD,ARI,IL,Elbow,,,,P
"","","","","","","","","","","","","",59175-21846:Chris Devenski,59175-21846,P,Chris,Chris Devenski,Devenski,2.75,8,5500,ARI@LAD,ARI,LAD,IL,Elbow,,,,P
"","","","","","","","","","","","","",59175-118106:Victor Gonzalez,59175-118106,P,Victor,Victor Gonzalez,Gonzalez,3.5789473684210527,19,5500,ARI@LAD,LAD,ARI,,,,,,P
"","","","","","","","","","","","","",59175-68465:Yoan Lopez,59175-68465,P,Yoan,Yoan Lopez,Lopez,3.769230769230769,13,5500,ARI@LAD,ARI,LAD,,,,,,P
"","","","","","","","","","","","","",59175-149886:Cody Poteet,59175-149886,P,Cody,Cody Poteet,Poteet,19,3,5500,MIA@PHI,MIA,PHI,,,,,0,P
"","","","","","","","","","","","","",59175-79232:Clay Holmes,59175-79232,P,Clay,Clay Holmes,Holmes,5.277777777777778,18,5500,PIT@ATL,PIT,ATL,,,,,,P
"","","","","","","","","","","","","",59175-108421:Phillips Valdez,59175-108421,P,Phillips,Phillips Valdez,Valdez,6.3076923076923075,13,5500,BOS@TOR,BOS,TOR,,,,,,P
"","","","","","","","","","","","","",59175-68507:Duane Underwood Jr.,59175-68507,P,Duane,Duane Underwood Jr.,Underwood Jr.,7.176470588235294,17,5500,PIT@ATL,PIT,ATL,,,,,,P
"","","","","","","","","","","","","",59175-38304:Archie Bradley,59175-38304,P,Archie,Archie Bradley,Bradley,4.4,5,5500,MIA@PHI,PHI,MIA,,,,,,P
"","","","","","","","","","","","","",59175-118178:Jasseel De La Cruz,59175-118178,P,Jasseel,Jasseel De La Cruz,De La Cruz,,,5500,PIT@ATL,ATL,PIT,,,,,,P
"","","","","","","","","","","","","",59175-118180:Tucker Davidson,59175-118180,P,Tucker,Tucker Davidson,Davidson,28,1,5500,PIT@ATL,ATL,PIT,,,,,,P
"","","","","","","","","","","","","",59175-102311:Luis Oviedo,59175-102311,P,Luis,Luis Oviedo,Oviedo,5.555555555555555,9,5500,PIT@ATL,PIT,ATL,,,,,,P
"","","","","","","","","","","","","",59175-101801:Joel Payamps,59175-101801,P,Joel,Joel Payamps,Payamps,5.285714285714286,14,5500,BOS@TOR,TOR,BOS,,,,,,P
"","","","","","","","","","","","","",59175-101803:Jacob Webb,59175-101803,P,Jacob,Jacob Webb,Webb,5.071428571428571,14,5500,PIT@ATL,ATL,PIT,,,,,,P
"","","","","","","","","","","","","",59175-101809:Josh Taylor,59175-101809,P,Josh,Josh Taylor,Taylor,3.6470588235294117,17,5500,BOS@TOR,BOS,TOR,,,,,,P
"","","","","","","","","","","","","",59175-52146:Carl Edwards Jr.,59175-52146,P,Carl,Carl Edwards Jr.,Edwards Jr.,-5,1,5500,BOS@TOR,TOR,BOS,,,,,,P
"","","","","","","","","","","","","",59175-70585:Richard Bleier,59175-70585,P,Richard,Richard Bleier,Bleier,4.666666666666667,18,5500,MIA@PHI,MIA,PHI,,,,,0,P
"","","","","","","","","","","","","",59175-101818:Luis Madero,59175-101818,P,Luis,Luis Madero,Madero,-1.5,2,5500,MIA@PHI,MIA,PHI,,,,,0,P
"","","","","","","","","","","","","",59175-118205:Anthony Castro,59175-118205,P,Anthony,Anthony Castro,Castro,8.166666666666666,6,5500,BOS@TOR,TOR,BOS,IL,Forearm,,,,P
"","","","","","","","","","","","","",59175-102334:Corbin Martin,59175-102334,P,Corbin,Corbin Martin,Martin,24,1,5500,ARI@LAD,ARI,LAD,,,,,,P
"","","","","","","","","","","","","",59175-118209:Miguel Yajure,59175-118209,P,Miguel,Miguel Yajure,Yajure,20,2,5500,PIT@ATL,PIT,ATL,,,,,,P
"","","","","","","","","","","","","",59175-101824:Kyle Keller,59175-101824,P,Kyle,Kyle Keller,Keller,5,2,5500,PIT@ATL,PIT,ATL,,,,,,P
"","","","","","","","","","","","","",59175-101826:Jordan Holloway,59175-101826,P,Jordan,Jordan Holloway,Holloway,11.428571428571429,7,5500,MIA@PHI,MIA,PHI,,,,,0,P
"","","","","","","","","","","","","",59175-102345:Jose Soriano,59175-102345,P,Jose,Jose Soriano,Soriano,,,5500,PIT@ATL,PIT,ATL,IL,Elbow,,,,P
"","","","","","","","","","","","","",59175-68552:Sam Coonrod,59175-68552,P,Sam,Sam Coonrod,Coonrod,6.529411764705882,17,5500,MIA@PHI,PHI,MIA,,,,,,P
"","","","","","","","","","","","","",59175-118225:Cristopher Sanchez,59175-118225,P,Cristopher,Cristopher Sanchez,Sanchez,,,5500,MIA@PHI,PHI,MIA,,,,,,P
"","","","","","","","","","","","","",59175-52177:Jesse Biddle,59175-52177,P,Jesse,Jesse Biddle,Biddle,4.375,8,5500,PIT@ATL,ATL,PIT,,,,,,P
"","","","","","","","","","","","","",59175-118224:Garrett Cleavinger,59175-118224,P,Garrett,Garrett Cleavinger,Cleavinger,5.25,8,5500,ARI@LAD,LAD,ARI,IL,Forearm,,,,P
"","","","","","","","","","","","","",59175-5074:Tyler Clippard,59175-5074,P,Tyler,Tyler Clippard,Clippard,5.538461538461538,26,5500,ARI@LAD,ARI,LAD,IL,Shoulder,,,,P
"","","","","","","","","","","","","",59175-118226:Blake Cederlind,59175-118226,P,Blake,Blake Cederlind,Cederlind,3.6,5,5500,PIT@ATL,PIT,ATL,IL,Elbow,,,,P
"","","","","","","","","","","","","",59175-13271:Will Smith,59175-13271,P,Will,Will Smith,Smith,5.25,20,5500,PIT@ATL,ATL,PIT,,,,,,P
"","","","","","","","","","","","","",59175-82911:Adam Cimber,59175-82911,P,Adam,Adam Cimber,Cimber,4.2631578947368425,19,5500,MIA@PHI,MIA,PHI,,,,,0,P
"","","","","","","","","","","","","",59175-52191:Kyle Crick,59175-52191,P,Kyle,Kyle Crick,Crick,4.833333333333333,12,5500,PIT@ATL,PIT,ATL,IL,Triceps,,,,P
"","","","","","","","","","","","","",59175-52192:Luke Jackson,59175-52192,P,Luke,Luke Jackson,Jackson,5,19,5500,PIT@ATL,ATL,PIT,,,,,,P
"","","","","","","","","","","","","",59175-12257:Adam Ottavino,59175-12257,P,Adam,Adam Ottavino,Ottavino,5.15,20,5500,BOS@TOR,BOS,TOR,,,,,,P
"","","","","","","","","","","","","",59175-70624:Chris Stratton,59175-70624,P,Chris,Chris Stratton,Stratton,6.0588235294117645,17,5500,PIT@ATL,PIT,ATL,,,,,,P
"","","","","","","","","","","","","",59175-101856:Patrick Murphy,59175-101856,P,Patrick,Patrick Murphy,Murphy,7.5,4,5500,BOS@TOR,TOR,BOS,IL,Shoulder,,,,P
"","","","","","","","","","","","","",59175-52196:A.J. Cole,59175-52196,P,A.J.,A.J. Cole,Cole,8.75,4,5500,BOS@TOR,TOR,BOS,,,,,,P
"","","","","","","","","","","","","",59175-84452:Caleb Ferguson,59175-84452,P,Caleb,Caleb Ferguson,Ferguson,6.238095238095238,21,5500,ARI@LAD,LAD,ARI,IL,Elbow,,,,P
"","","","","","","","","","","","","",59175-102376:Garrett Whitlock,59175-102376,P,Garrett,Garrett Whitlock,Whitlock,10,11,5500,BOS@TOR,BOS,TOR,,,,,,P
"","","","","","","","","","","","","",59175-52733:Scott Alexander,59175-52733,P,Scott,Scott Alexander,Alexander,3.1538461538461537,13,5500,ARI@LAD,LAD,ARI,IL,Shoulder,,,,P
"","","","","","","","","","","","","",59175-145919:Paul Campbell,59175-145919,P,Paul,Paul Campbell,Campbell,8,5,5500,MIA@PHI,MIA,PHI,NA,Suspension,,,0,P
"","","","","","","","","","","","","",59175-145916:Zach Pop,59175-145916,P,Zach,Zach Pop,Pop,4.916666666666667,12,5500,MIA@PHI,MIA,PHI,,,,,0,P
"","","","","","","","","","","","","",59175-79273:Vladimir Guerrero Jr.,59175-79273,1B/3B,Vladimir,Vladimir Guerrero Jr.,Guerrero Jr.,13.914634146341463,41,4500,BOS@TOR,TOR,BOS,,,,,,C/1B/3B/UTIL
"","","","","","","","","","","","","",59175-39151:Mookie Betts,59175-39151,OF,Mookie,Mookie Betts,Betts,12.272221883138021,36,4400,ARI@LAD,LAD,ARI,,,,,,OF/UTIL
"","","","","","","","","","","","","",59175-79756:Ronald Acuna Jr.,59175-79756,OF,Ronald,Ronald Acuna Jr.,Acuna Jr.,14.648717635717148,39,4400,PIT@ATL,ATL,PIT,,,,,,OF/UTIL
"","","","","","","","","","","","","",59175-82654:Bo Bichette,59175-82654,SS,Bo,Bo Bichette,Bichette,12.926829268292684,41,4300,BOS@TOR,TOR,BOS,,,,,,SS/UTIL
"","","","","","","","","","","","","",59175-13540:J.D. Martinez,59175-13540,OF,J.D.,J.D. Martinez,Martinez,13.78095209030878,42,4300,BOS@TOR,BOS,TOR,,,,,,OF/UTIL
"","","","","","","","","","","","","",59175-11334:Freddie Freeman,59175-11334,1B,Freddie,Freddie Freeman,Freeman,11.885714576357888,42,4100,PIT@ATL,ATL,PIT,,,,,,C/1B/UTIL
"","","","","","","","","","","","","",59175-68585:Rafael Devers,59175-68585,3B,Rafael,Rafael Devers,Devers,12.985366449123475,41,4100,BOS@TOR,BOS,TOR,,,,,,3B/UTIL
"","","","","","","","","","","","","",59175-21705:Marcus Semien,59175-21705,2B/SS,Marcus,Marcus Semien,Semien,12.585365853658537,41,4000,BOS@TOR,TOR,BOS,,,,,,2B/SS/UTIL
"","","","","","","","","","","","","",59175-12948:Bryce Harper,59175-12948,OF,Bryce,Bryce Harper,Harper,12.157142857142857,35,3900,MIA@PHI,PHI,MIA,,,,,,OF/UTIL
"","","","","","","","","","","","","",59175-52176:Max Muncy,59175-52176,1B/2B,Max,Max Muncy,Muncy,12.19756112447599,41,3900,ARI@LAD,LAD,ARI,,,,,,C/1B/2B/UTIL
"","","","","","","","","","","","","",59175-38561:Chris Taylor,59175-38561,2B/OF,Chris,Chris Taylor,Taylor,12.657894736842104,38,3800,ARI@LAD,LAD,ARI,,,,,,2B/OF/UTIL
"","","","","","","","","","","","","",59175-6312:Justin Turner,59175-6312,3B,Justin,Justin Turner,Turner,11.217500305175781,40,3700,ARI@LAD,LAD,ARI,,,,,,3B/UTIL
"","","","","","","","","","","","","",59175-16983:George Springer,59175-16983,OF,George,George Springer,Springer,14.774999618530273,4,3600,BOS@TOR,TOR,BOS,IL,Quadriceps,,,,OF/UTIL
"","","","","","","","","","","","","",59175-37982:Xander Bogaerts,59175-37982,SS,Xander,Xander Bogaerts,Bogaerts,12.214285714285714,42,3600,BOS@TOR,BOS,TOR,,,,,,SS/UTIL
"","","","","","","","","","","","","",59175-13423:Starling Marte,59175-13423,OF,Starling,Starling Marte,Marte,14.066666666666666,15,3600,MIA@PHI,MIA,PHI,IL,Ribs,,,0,OF/UTIL
"","","","","","","","","","","","","",59175-79159:Cody Bellinger,59175-79159,1B/OF,Cody,Cody Bellinger,Bellinger,10.100000381469727,4,3600,ARI@LAD,LAD,ARI,IL,Lower leg,,,,C/1B/OF/UTIL
"","","","","","","","","","","","","",59175-21853:Ketel Marte,59175-21853,2B/OF,Ketel,Ketel Marte,Marte,15.071428571428571,7,3600,ARI@LAD,ARI,LAD,,,,,,2B/OF/UTIL
"","","","","","","","","","","","","",59175-79215:Rhys Hoskins,59175-79215,1B,Rhys,Rhys Hoskins,Hoskins,10.43488400481468,43,3600,MIA@PHI,PHI,MIA,,,,,,C/1B/UTIL
"","","","","","","","","","","","","",59175-79401:Will Smith,59175-79401,C,Will,Will Smith,Smith,10.058823529411764,34,3500,ARI@LAD,LAD,ARI,,,,,,C/1B/UTIL
"","","","","","","","","","","","","",59175-82527:Jazz Chisholm Jr.,59175-82527,2B/SS,Jazz,Jazz Chisholm Jr.,Chisholm Jr.,12.324999491373697,24,3500,MIA@PHI,MIA,PHI,,,,,0,2B/SS/UTIL
"","","","","","","","","","","","","",59175-38117:Adam Duvall,59175-38117,OF,Adam,Adam Duvall,Duvall,9.461538461538462,39,3300,MIA@PHI,MIA,PHI,,,,,0,OF/UTIL
"","","","","","","","","","","","","",59175-73023:Teoscar Hernandez,59175-73023,OF,Teoscar,Teoscar Hernandez,Hernandez,11.89199951171875,25,3300,BOS@TOR,TOR,BOS,,,,,,OF/UTIL
"","","","","","","","","","","","","",59175-5456:Andrew McCutchen,59175-5456,OF,Andrew,Andrew McCutchen,McCutchen,10.423076923076923,39,3300,MIA@PHI,PHI,MIA,,,,,,OF/UTIL
"","","","","","","","","","","","","",59175-102284:William Contreras,59175-102284,C,William,William Contreras,Contreras,11.200000217982701,14,3300,PIT@ATL,ATL,PIT,,,,,,C/1B/UTIL
"","","","","","","","","","","","","",59175-13239:Eduardo Escobar,59175-13239,3B/2B,Eduardo,Eduardo Escobar,Escobar,10.223255955895713,43,3300,ARI@LAD,ARI,LAD,,,,,,2B/3B/UTIL
"","","","","","","","","","","","","",59175-13909:Randal Grichuk,59175-13909,OF,Randal,Randal Grichuk,Grichuk,10.141463116901678,41,3200,BOS@TOR,TOR,BOS,,,,,,OF/UTIL
"","","","","","","","","","","","","",59175-38412:Corey Seager,59175-38412,SS,Corey,Corey Seager,Seager,10.783783783783784,37,3100,ARI@LAD,LAD,ARI,IL,Hand,,,,SS/UTIL
"","","","","","","","","","","","","",59175-38016:Jesus Aguilar,59175-38016,1B,Jesus,Jesus Aguilar,Aguilar,11.140000152587891,40,3100,MIA@PHI,MIA,PHI,,,,,2,C/1B/UTIL
"","","","","","","","","","","","","",59175-73871:Carson Kelly,59175-73871,C,Carson,Carson Kelly,Kelly,12.346429007393974,28,3100,ARI@LAD,ARI,LAD,IL,Toe,,,,C/1B/UTIL
"","","","","","","","","","","","","",59175-17086:Marcell Ozuna,59175-17086,OF,Marcell,Marcell Ozuna,Ozuna,8.299999858057776,43,3100,PIT@ATL,ATL,PIT,,,,,,OF/UTIL
"","","","","","","","","","","","","",59175-17139:J.T. Realmuto,59175-17139,C,J.T.,J.T. Realmuto,Realmuto,9.762857491629465,35,3100,MIA@PHI,PHI,MIA,DTD,Hand,,,,C/1B/UTIL
"","","","","","","","","","","","","",59175-70898:Adam Frazier,59175-70898,2B/OF,Adam,Adam Frazier,Frazier,10.217073021865472,41,3100,PIT@ATL,PIT,ATL,,,,,,2B/OF/UTIL
"","","","","","","","","","","","","",59175-79160:Alex Verdugo,59175-79160,OF,Alex,Alex Verdugo,Verdugo,10.685366002524772,41,3100,BOS@TOR,BOS,TOR,,,,,,OF/UTIL
"","","","","","","","","","","","","",59175-79165:Gavin Lux,59175-79165,2B/SS,Gavin,Gavin Lux,Lux,7.890908905954072,33,3100,ARI@LAD,LAD,ARI,,,,,,2B/SS/UTIL
"","","","","","","","","","","","","",59175-79216:Ke'Bryan Hayes,59175-79216,3B,Ke'Bryan,Ke'Bryan Hayes,Hayes,15.699999809265137,2,3100,PIT@ATL,PIT,ATL,IL,Wrist,,,,3B/UTIL
"","","","","","","","","","","","","",59175-79230:Bryan Reynolds,59175-79230,OF,Bryan,Bryan Reynolds,Reynolds,10.155000305175781,40,3100,PIT@ATL,PIT,ATL,,,,,,OF/UTIL
"","","","","","","","","","","","","",59175-13390:Miguel Rojas,59175-13390,SS,Miguel,Miguel Rojas,Rojas,10.323077079577324,39,3000,MIA@PHI,MIA,PHI,,,,,1,SS/UTIL
"","","","","","","","","","","","","",59175-79074:Austin Riley,59175-79074,3B,Austin,Austin Riley,Riley,8.753488230150799,43,3000,PIT@ATL,ATL,PIT,,,,,,3B/UTIL
"","","","","","","","","","","","","",59175-102370:Alec Bohm,59175-102370,1B/3B,Alec,Alec Bohm,Bohm,8.02558153729106,43,3000,MIA@PHI,PHI,MIA,,,,,,C/1B/3B/UTIL
"","","","","","","","","","","","","",59175-68587:Ozzie Albies,59175-68587,2B,Ozzie,Ozzie Albies,Albies,9.76585350967035,41,3000,PIT@ATL,ATL,PIT,,,,,,2B/UTIL
"","","","","","","","","","","","","",59175-5221:Asdrubal Cabrera,59175-5221,1B/3B,Asdrubal,Asdrubal Cabrera,Cabrera,10.252941355985755,34,2900,ARI@LAD,ARI,LAD,IL,Hamstring,,,,C/1B/3B/UTIL
"","","","","","","","","","","","","",59175-119404:Nick Maton,59175-119404,SS/2B,Nick,Nick Maton,Maton,6.98518541124132,27,2800,MIA@PHI,PHI,MIA,,,,,,2B/SS/UTIL
"","","","","","","","","","","","","",59175-85277:Cavan Biggio,59175-85277,2B/3B,Cavan,Cavan Biggio,Biggio,7.3459456160261825,37,2800,BOS@TOR,TOR,BOS,,,,,,2B/3B/UTIL
"","","","","","","","","","","","","",59175-13188:Jean Segura,59175-13188,2B/3B,Jean,Jean Segura,Segura,8.49642835344587,28,2800,MIA@PHI,PHI,MIA,,,,,,2B/3B/UTIL
"","","","","","","","","","","","","",59175-52168:Colin Moran,59175-52168,1B/3B,Colin,Colin Moran,Moran,9.078125,32,2800,PIT@ATL,PIT,ATL,IL,Groin,,,,C/1B/3B/UTIL
"","","","","","","","","","","","","",59175-70665:Jacob Stallings,59175-70665,C,Jacob,Jacob Stallings,Stallings,8.384848854758523,33,2700,PIT@ATL,PIT,ATL,DTD,Quadriceps,,,,C/1B/UTIL
"","","","","","","","","","","","","",59175-5177:Albert Pujols,59175-5177,1B,Albert,Albert Pujols,Pujols,7.659259372287327,27,2700,ARI@LAD,LAD,ARI,,,,,,C/1B/UTIL
"","","","","","","","","","","","","",59175-53586:David Peralta,59175-53586,OF,David,David Peralta,Peralta,10.170731707317072,41,2700,ARI@LAD,ARI,LAD,,,,,,OF/UTIL
"","","","","","","","","","","","","",59175-79272:Lourdes Gurriel Jr.,59175-79272,OF,Lourdes,Lourdes Gurriel Jr.,Gurriel Jr.,6.221052470960115,38,2700,BOS@TOR,TOR,BOS,,,,,,OF/UTIL
"","","","","","","","","","","","","",59175-13792:Kike Hernandez,59175-13792,2B/OF,Kike,Kike Hernandez,Hernandez,9.490625381469727,32,2700,BOS@TOR,BOS,TOR,,,,,,2B/OF/UTIL
"","","","","","","","","","","","","",59175-13841:Didi Gregorius,59175-13841,SS,Didi,Didi Gregorius,Gregorius,8.28125,32,2600,MIA@PHI,PHI,MIA,IL,Elbow,,,,SS/UTIL
"","","","","","","","","","","","","",59175-82530:Pavin Smith,59175-82530,1B/OF,Pavin,Pavin Smith,Smith,8.168292534060594,41,2600,ARI@LAD,ARI,LAD,,,,,,C/1B/OF/UTIL
"","","","","","","","","","","","","",59175-12970:AJ Pollock,59175-12970,OF,AJ,AJ Pollock,Pollock,8.315625190734863,32,2600,ARI@LAD,LAD,ARI,IL,Hamstring,,,,OF/UTIL
"","","","","","","","","","","","","",59175-79087:Michael Chavis,59175-79087,1B/2B,Michael,Michael Chavis,Chavis,8.857142857142858,7,2600,BOS@TOR,BOS,TOR,,,,,,C/1B/2B/UTIL
"","","","","","","","","","","","","",59175-68531:Brian Anderson,59175-68531,3B,Brian,Brian Anderson,Anderson,7.0366668701171875,30,2600,MIA@PHI,MIA,PHI,,,,,5,3B/UTIL
"","","","","","","","","","","","","",59175-101820:Matt Beaty,59175-101820,1B/OF,Matt,Matt Beaty,Beaty,6.0580646145728325,31,2600,ARI@LAD,LAD,ARI,,,,,,C/1B/OF/UTIL
"","","","","","","","","","","","","",59175-17382:Gregory Polanco,59175-17382,OF,Gregory,Gregory Polanco,Polanco,8.215624809265137,32,2600,PIT@ATL,PIT,ATL,,,,,,OF/UTIL
"","","","","","","","","","","","","",59175-68586:Dansby Swanson,59175-68586,SS,Dansby,Dansby Swanson,Swanson,7.495348553324854,43,2600,PIT@ATL,ATL,PIT,,,,,,SS/UTIL
"","","","","","","","","","","","","",59175-85249:Bobby Dalbec,59175-85249,1B/3B,Bobby,Bobby Dalbec,Dalbec,7.383332994249132,36,2500,BOS@TOR,BOS,TOR,,,,,,C/1B/3B/UTIL
"","","","","","","","","","","","","",59175-17167:Brad Miller,59175-17167,1B,Brad,Brad Miller,Miller,6.22258044827369,31,2500,MIA@PHI,PHI,MIA,,,,,,C/1B/UTIL
"","","","","","","","","","","","","",59175-54068:Hunter Renfroe,59175-54068,OF,Hunter,Hunter Renfroe,Renfroe,8.082856968470983,35,2500,BOS@TOR,BOS,TOR,,,,,,OF/UTIL
"","","","","","","","","","","","","",59175-79218:Kevin Newman,59175-79218,2B/SS,Kevin,Kevin Newman,Newman,5.3128204345703125,39,2500,PIT@ATL,PIT,ATL,,,,,,2B/SS/UTIL
"","","","","","","","","","","","","",59175-13858:Christian Vazquez,59175-13858,C,Christian,Christian Vazquez,Vazquez,8.238461225460737,39,2400,BOS@TOR,BOS,TOR,,,,,,C/1B/UTIL
"","","","","","","","","","","","","",59175-72261:Guillermo Heredia,59175-72261,OF,Guillermo,Guillermo Heredia,Heredia,10.41764741785386,17,2400,PIT@ATL,ATL,PIT,,,,,,OF/UTIL
"","","","","","","","","","","","","",59175-13924:Kole Calhoun,59175-13924,OF,Kole,Kole Calhoun,Calhoun,9.284615149864784,13,2400,ARI@LAD,ARI,LAD,IL,Hamstring,,,,OF/UTIL
"","","","","","","","","","","","","",59175-119444:Alejandro Kirk,59175-119444,C,Alejandro,Alejandro Kirk,Kirk,7.376470677992877,17,2400,BOS@TOR,TOR,BOS,IL,Hip,,,,C/1B/UTIL
"","","","","","","","","","","","","",59175-81046:Garrett Cooper,59175-81046,1B/OF,Garrett,Garrett Cooper,Cooper,5.821052551269531,38,2400,MIA@PHI,MIA,PHI,,,,,4,C/1B/OF/UTIL
"","","","","","","","","","","","","",59175-113309:Josh Rojas,59175-113309,2B/SS,Josh,Josh Rojas,Rojas,8.48974374624399,39,2400,ARI@LAD,ARI,LAD,,,,,,2B/SS/UTIL
"","","","","","","","","","","","","",59175-13694:Marwin Gonzalez,59175-13694,1B/2B,Marwin,Marwin Gonzalez,Gonzalez,7.013513513513513,37,2400,BOS@TOR,BOS,TOR,,,,,,C/1B/2B/UTIL
"","","","","","","","","","","","","",59175-79231:Will Craig,59175-79231,3B,Will,Will Craig,Craig,5.683333079020183,6,2400,PIT@ATL,PIT,ATL,,,,,,3B/UTIL
"","","","","","","","","","","","","",59175-38297:Austin Barnes,59175-38297,C,Austin,Austin Barnes,Barnes,5.83478247601053,23,2400,ARI@LAD,LAD,ARI,,,,,,C/1B/UTIL
"","","","","","","","","","","","","",59175-38319:Odubel Herrera,59175-38319,OF,Odubel,Odubel Herrera,Herrera,6.881817904385653,22,2400,MIA@PHI,PHI,MIA,,,,,,OF/UTIL
"","","","","","","","","","","","","",59175-82533:Daulton Varsho,59175-82533,OF,Daulton,Daulton Varsho,Varsho,3.4705882352941178,17,2300,ARI@LAD,ARI,LAD,,,,,,OF/UTIL
"","","","","","","","","","","","","",59175-104085:Josh VanMeter,59175-104085,2B,Josh,Josh VanMeter,VanMeter,3.914285714285714,35,2300,ARI@LAD,ARI,LAD,,,,,,2B/UTIL
"","","","","","","","","","","","","",59175-38074:Corey Dickerson,59175-38074,OF,Corey,Corey Dickerson,Dickerson,7.112820356320112,39,2300,MIA@PHI,MIA,PHI,,,,,3,OF/UTIL
"","","","","","","","","","","","","",59175-13535:Ehire Adrianza,59175-13535,2B/SS,Ehire,Ehire Adrianza,Adrianza,5.451514966560133,33,2300,PIT@ATL,ATL,PIT,,,,,,2B/SS/UTIL
"","","","","","","","","","","","","",59175-62780:Wilmer Difo,59175-62780,SS,Wilmer,Wilmer Difo,Difo,3.59375,32,2300,PIT@ATL,PIT,ATL,,,,,,SS/UTIL
"","","","","","","","","","","","","",59175-38218:Christian Walker,59175-38218,1B,Christian,Christian Walker,Walker,6.935294207404642,17,2300,ARI@LAD,ARI,LAD,IL,Oblique,,,,C/1B/UTIL
"","","","","","","","","","","","","",59175-80852:Ildemaro Vargas,59175-80852,2B,Ildemaro,Ildemaro Vargas,Vargas,5.30999984741211,10,2300,PIT@ATL,PIT,ATL,,,,,,2B/UTIL
"","","","","","","","","","","","","",59175-21612:Nick Ahmed,59175-21612,SS,Nick,Nick Ahmed,Ahmed,5.108571515764509,35,2200,ARI@LAD,ARI,LAD,,,,,,SS/UTIL
"","","","","","","","","","","","","",59175-39090:Erik Gonzalez,59175-39090,3B/SS,Erik,Erik Gonzalez,Gonzalez,5.953846075595954,39,2200,PIT@ATL,PIT,ATL,,,,,,3B/SS/UTIL
"","","","","","","","","","","","","",59175-13516:Stephen Vogt,59175-13516,C,Stephen,Stephen Vogt,Vogt,6.912499745686849,24,2200,ARI@LAD,ARI,LAD,,,,,,C/1B/UTIL
"","","","","","","","","","","","","",59175-17105:Sandy Leon,59175-17105,C,Sandy,Sandy Leon,Leon,3.3454544760964136,22,2200,MIA@PHI,MIA,PHI,,,,,0,C/1B/UTIL
"","","","","","","","","","","","","",59175-82655:Danny Jansen,59175-82655,C,Danny,Danny Jansen,Jansen,4.678124904632568,32,2200,BOS@TOR,TOR,BOS,,,,,,C/1B/UTIL
"","","","","","","","","","","","","",59175-13691:Ender Inciarte,59175-13691,OF,Ender,Ender Inciarte,Inciarte,3.807142802647182,14,2200,PIT@ATL,ATL,PIT,IL,Personal,,,,OF/UTIL
"","","","","","","","","","","","","",59175-79248:Magneuris Sierra,59175-79248,OF,Magneuris,Magneuris Sierra,Sierra,2.429411719827091,34,2200,MIA@PHI,MIA,PHI,,,,,8,OF/UTIL
"","","","","","","","","","","","","",59175-79277:Rowdy Tellez,59175-79277,1B,Rowdy,Rowdy Tellez,Tellez,4.630769289456881,26,2200,BOS@TOR,TOR,BOS,DTD,Hamstring,,,,C/1B/UTIL
"","","","","","","","","","","","","",59175-102341:DJ Peters,59175-102341,OF,DJ,DJ Peters,Peters,3.6909089521928267,11,2200,ARI@LAD,LAD,ARI,,,,,,OF/UTIL
"","","","","","","","","","","","","",59175-52171:Kevin Plawecki,59175-52171,C,Kevin,Kevin Plawecki,Plawecki,5.733333333333333,15,2200,BOS@TOR,BOS,TOR,,,,,,C/1B/UTIL
"","","","","","","","","","","","","",59175-81980:Phillip Evans,59175-81980,3B,Phillip,Phillip Evans,Evans,7.806250095367432,32,2100,PIT@ATL,PIT,ATL,IL,Hamstring,,,,3B/UTIL
"","","","","","","","","","","","","",59175-12863:Todd Frazier,59175-12863,1B/3B,Todd,Todd Frazier,Frazier,3.8923075749323917,13,2100,PIT@ATL,PIT,ATL,,,,,,C/1B/3B/UTIL
"","","","","","","","","","","","","",59175-135239:Rodolfo Castro,59175-135239,SS,Rodolfo,Rodolfo Castro,Castro,0,1,2100,PIT@ATL,PIT,ATL,,,,,,SS/UTIL
"","","","","","","","","","","","","",59175-79138:Jonathan Arauz,59175-79138,2B,Jonathan,Jonathan Arauz,Arauz,6.224999904632568,4,2100,BOS@TOR,BOS,TOR,,,,,,2B/UTIL
"","","","","","","","","","","","","",59175-101276:Jon Berti,59175-101276,2B/3B,Jon,Jon Berti,Berti,5.7783784608583195,37,2100,MIA@PHI,MIA,PHI,,,,,0,2B/3B/UTIL
"","","","","","","","","","","","","",59175-145921:Ka'ai Tom,59175-145921,OF,Ka'ai,Ka'ai Tom,Tom,4.872000122070313,25,2000,PIT@ATL,PIT,ATL,DTD,Wrist,,,,OF/UTIL
"","","","","","","","","","","","","",59175-102439:Andrew Young,59175-102439,3B,Andrew,Andrew Young,Young,6.931578786749589,19,2000,ARI@LAD,ARI,LAD,,,,,,3B/UTIL
"","","","","","","","","","","","","",59175-102438:Geraldo Perdomo,59175-102438,SS,Geraldo,Geraldo Perdomo,Perdomo,3.799999952316284,4,2000,ARI@LAD,ARI,LAD,,,,,,SS/UTIL
"","","","","","","","","","","","","",59175-80459:Franchy Cordero,59175-80459,OF,Franchy,Franchy Cordero,Cordero,4.393750190734863,32,2000,BOS@TOR,BOS,TOR,,,,,,OF/UTIL
"","","","","","","","","","","","","",59175-119401:Rafael Marchan,59175-119401,C,Rafael,Rafael Marchan,Marchan,3,1,2000,MIA@PHI,PHI,MIA,,,,,,C/1B/UTIL
"","","","","","","","","","","","","",59175-135282:Josh Palacios,59175-135282,OF,Josh,Josh Palacios,Palacios,7.240000152587891,10,2000,BOS@TOR,TOR,BOS,IL,Hand,,,,OF/UTIL
"","","","","","","","","","","","","",59175-135284:Riley Adams,59175-135284,C,Riley,Riley Adams,Adams,,,2000,BOS@TOR,TOR,BOS,,,,,,C/1B/UTIL
"","","","","","","","","","","","","",59175-17025:Joe Panik,59175-17025,2B/3B,Joe,Joe Panik,Panik,3.7578948171515214,19,2000,BOS@TOR,TOR,BOS,IL,Calf,,,,2B/3B/UTIL
"","","","","","","","","","","","","",59175-118408:Yoshi Tsutsugo,59175-118408,3B/OF,Yoshi,Yoshi Tsutsugo,Tsutsugo,4.321428571428571,28,2000,ARI@LAD,LAD,ARI,,,,,,3B/OF/UTIL
"","","","","","","","","","","","","",59175-13451:Ronald Torreyes,59175-13451,SS,Ronald,Ronald Torreyes,Torreyes,5.040000152587891,5,2000,MIA@PHI,PHI,MIA,,,,,,SS/UTIL
"","","","","","","","","","","","","",59175-82593:Keibert Ruiz,59175-82593,C,Keibert,Keibert Ruiz,Ruiz,3.116666793823242,6,2000,ARI@LAD,LAD,ARI,,,,,,C/1B/UTIL
"","","","","","","","","","","","","",59175-5282:Jeff Mathis,59175-5282,C,Jeff,Jeff Mathis,Mathis,0,4,2000,PIT@ATL,ATL,PIT,,,,,,C/1B/UTIL
"","","","","","","","","","","","","",59175-82606:Monte Harrison,59175-82606,OF,Monte,Monte Harrison,Harrison,1,3,2000,MIA@PHI,MIA,PHI,,,,,0,OF/UTIL
"","","","","","","","","","","","","",59175-102577:Santiago Espinal,59175-102577,SS,Santiago,Santiago Espinal,Espinal,4.54117629107307,17,2000,BOS@TOR,TOR,BOS,,,,,,SS/UTIL
"","","","","","","","","","","","","",59175-82626:Adam Haseley,59175-82626,OF,Adam,Adam Haseley,Haseley,2.3777777353922525,9,2000,MIA@PHI,PHI,MIA,O,Personal,,,,OF/UTIL
"","","","","","","","","","","","","",59175-38599:Lewis Brinson,59175-38599,OF,Lewis,Lewis Brinson,Brinson,3.879166603088379,24,2000,MIA@PHI,MIA,PHI,IL,Undisclosed,,,0,OF/UTIL
"","","","","","","","","","","","","",59175-82644:Jesus Sanchez,59175-82644,OF,Jesus,Jesus Sanchez,Sanchez,2.8200000762939452,10,2000,MIA@PHI,MIA,PHI,,,,,0,OF/UTIL
"","","","","","","","","","","","","",59175-79070:Domingo Leyba,59175-79070,SS,Domingo,Domingo Leyba,Leyba,0.75,4,2000,ARI@LAD,ARI,LAD,,,,,,SS/UTIL
"","","","","","","","","","","","","",59175-149732:Hunter Owen,59175-149732,OF,Hunter,Hunter Owen,Owen,1,3,2000,PIT@ATL,PIT,ATL,,,,,,OF/UTIL
"","","","","","","","","","","","","",59175-60649:Alex Jackson,59175-60649,C,Alex,Alex Jackson,Jackson,2.4399999618530273,10,2000,PIT@ATL,ATL,PIT,IL,Hamstring,,,,C/1B/UTIL
"","","","","","","","","","","","","",59175-60652:Christian Arroyo,59175-60652,2B,Christian,Christian Arroyo,Arroyo,6.447826219641644,23,2000,BOS@TOR,BOS,TOR,IL,Hand,,,,2B/UTIL
"","","","","","","","","","","","","",59175-70435:Ben Gamel,59175-70435,OF,Ben,Ben Gamel,Gamel,1.9157895539936267,19,2000,PIT@ATL,PIT,ATL,,,,,,OF/UTIL
"","","","","","","","","","","","","",59175-13099:Travis d'Arnaud,59175-13099,C,Travis,Travis d'Arnaud,d'Arnaud,6.543478260869565,23,2000,PIT@ATL,ATL,PIT,IL,Thumb,,,,C/1B/UTIL
"","","","","","","","","","","","","",59175-85320:Michael Perez,59175-85320,C,Michael,Michael Perez,Perez,3.8812499046325684,16,2000,PIT@ATL,PIT,ATL,,,,,,C/1B/UTIL
"","","","","","","","","","","","","",59175-82251:Tim Locastro,59175-82251,OF,Tim,Tim Locastro,Locastro,5.788889001916956,27,2000,ARI@LAD,ARI,LAD,,,,,,OF/UTIL
"","","","","","","","","","","","","",59175-79178:Isan Diaz,59175-79178,2B,Isan,Isan Diaz,Diaz,5.912499904632568,16,2000,MIA@PHI,MIA,PHI,,,,,6,2B/UTIL
"","","","","","","","","","","","","",59175-79189:Travis Blankenhorn,59175-79189,2B,Travis,Travis Blankenhorn,Blankenhorn,3.200000047683716,1,2000,ARI@LAD,LAD,ARI,,,,,,2B/UTIL
"","","","","","","","","","","","","",59175-79211:Mickey Moniak,59175-79211,OF,Mickey,Mickey Moniak,Moniak,4.281818043101918,11,2000,MIA@PHI,PHI,MIA,,,,,,OF/UTIL
"","","","","","","","","","","","","",59175-79213:Scott Kingery,59175-79213,2B/OF,Scott,Scott Kingery,Kingery,0.4133333206176758,15,2000,MIA@PHI,PHI,MIA,IL,Concussion,,,,2B/OF/UTIL
"","","","","","","","","","","","","",59175-79212:Andrew Knapp,59175-79212,C,Andrew,Andrew Knapp,Knapp,4.187999877929688,25,2000,MIA@PHI,PHI,MIA,,,,,,C/1B/UTIL
"","","","","","","","","","","","","",59175-6005:Matt Joyce,59175-6005,OF,Matt,Matt Joyce,Joyce,2.355555640326606,18,2000,MIA@PHI,PHI,MIA,IL,Calf,,,,OF/UTIL
"","","","","","","","","","","","","",59175-149374:Sean Kazmar Jr.,59175-149374,SS,Sean,Sean Kazmar Jr.,Kazmar Jr.,0,3,2000,PIT@ATL,ATL,PIT,,,,,,SS/UTIL
"","","","","","","","","","","","","",59175-68481:Roman Quinn,59175-68481,OF,Roman,Roman Quinn,Quinn,4.466666539510091,24,2000,MIA@PHI,PHI,MIA,IL,Finger,,,,OF/UTIL
"","","","","","","","","","","","","",59175-21890:Orlando Arcia,59175-21890,SS,Orlando,Orlando Arcia,Arcia,1.625,4,2000,PIT@ATL,ATL,PIT,,,,,,SS/UTIL
"","","","","","","","","","","","","",59175-102285:Cristian Pache,59175-102285,OF,Cristian,Cristian Pache,Pache,3.5545453158291904,22,2000,PIT@ATL,ATL,PIT,IL,Hamstring,,,,OF/UTIL
"","","","","","","","","","","","","",59175-68499:Johan Camargo,59175-68499,3B/OF,Johan,Johan Camargo,Camargo,0.2727272727272727,11,2000,PIT@ATL,ATL,PIT,,,,,,3B/OF/UTIL
"","","","","","","","","","","","","",59175-79278:Sheldon Neuse,59175-79278,2B/3B,Sheldon,Sheldon Neuse,Neuse,3.3863636363636362,22,2000,ARI@LAD,LAD,ARI,,,,,,2B/3B/UTIL
"","","","","","","","","","","","","",59175-118193:Nick Heath,59175-118193,OF,Nick,Nick Heath,Heath,3.315384498009315,13,2000,ARI@LAD,ARI,LAD,,,,,,OF/UTIL
"","","","","","","","","","","","","",59175-38324:Jorge Alfaro,59175-38324,C,Jorge,Jorge Alfaro,Alfaro,4.970000076293945,10,2000,MIA@PHI,MIA,PHI,IL,Hamstring,,,0,C/1B/UTIL
"","","","","","","","","","","","","",59175-101821:Edwin Rios,59175-101821,1B/3B,Edwin,Edwin Rios,Rios,2.5720001220703126,25,2000,ARI@LAD,LAD,ARI,IL,Shoulder,,,,C/1B/3B/UTIL
"","","","","","","","","","","","","",59175-101828:Troy Stokes Jr.,59175-101828,OF,Troy,Troy Stokes Jr.,Stokes Jr.,4.300000190734863,8,2000,PIT@ATL,PIT,ATL,,,,,,OF/UTIL
"","","","","","","","","","","","","",59175-118218:Zach McKinstry,59175-118218,2B,Zach,Zach McKinstry,McKinstry,10.023529052734375,17,2000,ARI@LAD,LAD,ARI,IL,Oblique,,,,2B/UTIL
"","","","","","","","","","","","","",59175-81869:Chad Wallach,59175-81869,C,Chad,Chad Wallach,Wallach,4.415789553993626,19,2000,MIA@PHI,MIA,PHI,,,,,7,C/1B/UTIL
"","","","","","","","","","","","","",59175-12237:Jonathan Lucroy,59175-12237,C,Jonathan,Jonathan Lucroy,Lucroy,5,5,2000,PIT@ATL,ATL,PIT,,,,,,C/1B/UTIL
"","","","","","","","","","","","","",59175-80853:Dustin Fowler,59175-80853,OF,Dustin,Dustin Fowler,Fowler,3.2555554707845054,18,2000,PIT@ATL,PIT,ATL,,,,,,OF/UTIL
"","","","","","","","","","","","","",59175-52182:Reese McGuire,59175-52182,C,Reese,Reese McGuire,McGuire,5.2999997820172995,7,2000,BOS@TOR,TOR,BOS,,,,,,C/1B/UTIL
"","","","","","","","","","","","","",59175-102358:Jose Devers,59175-102358,SS,Jose,Jose Devers,Devers,1.9874999523162842,8,2000,MIA@PHI,MIA,PHI,,,,,0,SS/UTIL
"","","","","","","","","","","","","",59175-102363:Luke Raley,59175-102363,OF,Luke,Luke Raley,Raley,3.209090839732777,22,2000,ARI@LAD,LAD,ARI,,,,,,OF/UTIL
"","","","","","","","","","","","","",59175-5104:Pablo Sandoval,59175-5104,3B,Pablo,Pablo Sandoval,Sandoval,4.518750190734863,32,2000,PIT@ATL,ATL,PIT,,,,,,3B/UTIL
"","","","","","","","","","","","","",59175-68594:Anthony Alford,59175-68594,OF,Anthony,Anthony Alford,Alford,3.0363637750799004,11,2000,PIT@ATL,PIT,ATL,,,,,,OF/UTIL
"","","","","","","","","","","","","",59175-96764:Jonathan Davis,59175-96764,OF,Jonathan,Jonathan Davis,Davis,4.156521672787874,23,2000,BOS@TOR,TOR,BOS,,,,,,OF/UTIL